word,count
人类,462
AI,449
不是,329
ai,297
现在,218
没有,217
函数,184
人工智能,183
可能,181
问题,175
学习,166
智能,159
知道,156
已经,145
视频,137
人工,122
理解,121
真的,121
模型,118
需要,113
感觉,111
哈哈哈,110
不会,101
不能,99
应该,98
世界,98
机器,98
其实,88
机器人,84
up,83
老师,83
前面,82
出来,80
是不是,75
拟合,73
神经网络,71
觉得,70
直接,69
这是,68
一定,68
数学,68
数据,67
计算机,67
东西,66
语言,63
发展,62
doge,62
训练,62
技术,61
非常,61
看到,60
确实,60
实现,59
梯度,59
一下,58
好像,57
很多,56
简单,56
算法,55
知识,55
UP,55
有点,54
这种,54
地球,54
完全,52
逻辑,52
电影,52
大佬,51
一种,51
未来,50
奥特曼,48
工作,47
预测,47
喜欢,47
人脑,47
美国,46
创造,46
生物,46
听不懂,46
生命,45
识别,45
时代,45
觉醒,44
本质,44
科技,43
意识,42
宇宙,41
发现,41
只能,41
概率,41
出现,41
算力,41
马斯克,40
最优,40
导数,40
听懂,40
有没有,39
不要,39
起来,38
厉害,38
原来,38
观看,38
参数,38
进化,38
一点,38
计算,38
不够,38
大家,38
研究,38
不到,37
之前,37
信息,37
存在,37
不错,36
表示,36
无法,36
有人,36
时间,36
不同,36
印度,36
解决,36
符号,35
意思,35
毁灭,35
取代,35
说话,35
机械,35
奖励,35
方式,34
思考,34
求导,34
输入,34
肯定,33
以后,33
经典,33
苹果,32
支持,32
主义,32
之后,32
绝对值,31
局部,31
真正,31
特征,31
不了,31
生成,31
不行,31
谢谢,31
意义,30
早就,30
基础,30
现实,30
系统,30
实名,30
认为,30
大脑,30
deepseek,30
最后,30
反向,30
能力,30
首席,29
网络,29
复杂,29
深度,29
后面,29
弹幕,29
哈哈哈哈,29
感谢,28
公司,28
开源,28
终于,28
变成,28
明白,28
赛博,28
文明,28
使用,28
失业,28
大学,28
下降,28
资料,27
不用,27
外星人,27
根本,27
了解,27
控制,27
本身,27
判断,27
AGI,27
平方,26
过程,26
每个,26
加油,26
成为,26
基本,26
超越,26
原理,26
希望,26
影响,25
国内,25
目前,25
断电,25
居然,25
底层,25
损失,25
中国,24
重要,24
魔法,24
真是,24
社会,24
终结者,24
为啥,24
看看,24
数字,24
以为,24
模拟,24
代码,24
难道,24
学到,24
办法,24
理论,24
传播,24
定义,24
微软,23
中文,23
方法,23
Ai,23
自我,23
能源,23
绝对,23
线性,23
是因为,23
进行,23
类似,23
规律,23
图片,23
期待,23
里面,23
探索,22
来说,22
突然,22
动画,22
别学,22
永远,22
不想,22
别人,22
聪明,22
高数,22
生活,22
比较,22
无限,22
一次,22
开发,22
语法,22
黑箱,22
电脑,22
好好,21
看过,21
输出,21
看不懂,21
部分,21
概念,21
第一,21
方向,21
规则,21
孩子,21
正在,21
个人,21
英语,21
领域,21
GPT,21
事情,20
制造,20
激活,20
关系,20
到此一游,20
回归,20
硅基,20
朋友,20
优化,20
思维,20
两个,20
才能,20
不好,20
模仿,20
消灭,20
游戏,20
正确,19
产生,19
情况,19
量子,19
矩阵,19
本来,19
三连,19
大部分,19
科学,19
工具,19
所有,19
老婆,19
图灵,19
回答,19
惩罚,19
股票,18
智慧,18
必须,18
分析,18
处理,18
伟达,18
泰勒,18
gpt,18
找到,18
打卡,18
天网,18
全是,18
炒作,18
学过,18
选择,18
干嘛,18
关注,18
自动,18
就行了,18
高级,18
例子,18
用来,18
内容,18
必要,18
权重,18
一步,18
相信,17
能够,17
小朋友,17
做到,17
身体,17
灵魂,17
区别,17
提出,17
all,17
历史,17
行为,17
微积分,17
以前,17
基于,17
分钟,17
公式,17
最终,17
原因,17
高中,17
想到,17
启动,17
努力,17
联系,17
胜券在握,17
是否,17
测试,17
太好了,17
区分,17
需求,17
复合,17
秋芝,17
万物,17
统计,17
搞笑,16
形象,16
宝藏,16
碳基,16
很大,16
function,16
提升,16
故事,16
符合,16
偏导,16
认知,16
价值,16
说明,16
像是,16
好看,16
成功,16
已三连,16
今天,16
小时,16
好多,16
感知机,16
收藏,16
普通人,16
分享,16
限制,16
实际上,16
得到,16
诈骗,15
进步,15
课程,15
正常,15
一天,15
有点像,15
显卡,15
容易,15
可怕,15
当时,15
计划,15
最好,15
位置,15
告诉,15
视觉,15
全部,15
奥创,15
观点,15
神经,15
小时候,15
成本,15
吹牛,15
愿意,15
属于,15
地方,15
神经元,15
专业,15
就要,15
想法,15
明天,15
工人,15
想要,15
线性代数,15
越来越,15
错误,15
it,15
强化,14
黑客帝国,14
辛苦,14
条件,14
硬件,14
you,14
学会,14
注意,14
伟大,14
生产力,14
自然,14
画面,14
机制,14
迭代,14
有个,14
思路,14
思想,14
差不多,14
在线,14
赶紧,14
想象,14
空间,14
统计学,14
小米,14
增加,14
职业,14
李老师,14
回来,14
淘汰,14
记住,14
反正,14
所谓,14
运算,14
导致,14
PPT,14
认识,14
脑子,14
变化,14
西方,14
足够,14
结构,14
更新,14
调整,14
编程,14
啊啊啊,14
答案,14
描述,14
好事,14
图像,13
要求,13
像素,13
诞生,13
维度,13
拥有,13
合理,13
学校,13
is,13
我要,13
天才,13
广告,13
阿三,13
向量,13
速度,13
解释,13
恐怖,13
最小,13
芯片,13
一遍,13
还要,13
分配,13
实际,13
样子,13
小学,13
毕竟,13
时刻,13
模式,13
展开,13
乐观,13
石头,13
提供,13
真实,13
超级,13
翻译,13
程序,13
股价,13
全局,13
国家,13
当然,13
只会,13
非线性,13
主要,13
黑盒,13
这句,13
飞升,13
行业,13
战争,13
空格,13
完成,13
没错,13
设计,12
利用,12
水平,12
一起,12
组合,12
工资,12
物理,12
比喻,12
科普,12
软件,12
客服,12
卧槽,12
狗头,12
字幕,12
三哥,12
利益,12
爆炸,12
不断,12
更加,12
懒汉,12
同学,12
香农,12
发生,12
背后,12
兄弟,12
更好,12
目的,12
程序员,12
避免,12
发明,12
马赛克,12
估计,12
抽象,12
the,12
此事,12
感到,12
投资,12
可控,12
明显,12
电源,12
太牛,12
巨大,12
看起来,12
剧情,12
这段,12
睡觉,12
妈妈,12
确定,12
简直,12
梦想,12
金融,11
这才,11
贾跃亭,11
样本,11
免费,11
进入,11
证明,11
表达,11
第一个,11
替代,11
说白了,11
物体,11
相当于,11
炼丹,11
等于,11
应用,11
科学家,11
最大,11
或许,11
你好,11
道理,11
资源,11
突破,11
做出,11
监督,11
记载,11
必然,11
功能,11
眼睛,11
听到,11
情感,11
就算,11
变量,11
分类,11
方差,11
验证码,11
名字,11
考试,11
整个,11
报道,11
强大,11
赚钱,11
能量,11
通用,11
手机,11
超过,11
文字,11
研发,11
乌龟,11
效率,10
创新,10
统治,10
极限,10
我来,10
美好,10
大卫,10
太多,10
神奇,10
最近,10
麻烦,10
改变,10
到时候,10
可爱,10
准备,10
代表,10
论文,10
教育,10
没事,10
达到,10
恭喜,10
打开,10
法师,10
加入,10
后来,10
总结,10
印度人,10
趋势,10
不算,10
形式,10
生存,10
变形金刚,10
过来,10
参与,10
一口气,10
点赞,10
几年,10
生产,10
有用,10
连续,10
绿色,10
几个,10
三个,10
声音,10
熟悉,10
程度,10
准确,10
agi,10
很难,10
学生,10
奇点,10
具有,10
人才,10
误差,10
担心,10
经验,10
活着,10
人性,10
来看,10
满分,10
幻想,10
习惯,10
赋能,10
三体,10
到底,10
英文,10
照片,10
华为,10
上帝,10
造神,9
每日,9
提高,9
对抗,9
质变,9
阶段,9
中间,9
当年,9
焦虑,9
漫士,9
sora,9
登月,9
进度条,9
太美,9
看吧,9
聊天,9
到来,9
想起,9
掌握,9
底特律,9
异或,9
病毒,9
好评,9
并非,9
下去,9
奇怪,9
考虑,9
也许,9
好奇,9
推导,9
随机,9
玩意,9
快点,9
标准,9
继续,9
朋克,9
危言耸听,9
决定,9
保护,9
相对,9
链式法则,9
攻击,9
老板,9
一段,9
实在,9
国外,9
投币,9
贾老板,9
代数,9
卷积,9
劳动,9
清楚,9
黑板,9
发布,9
人们,9
哥们,9
没什么,9
你们好,9
大量,9
一句,9
不敢,9
联结,9
关键,9
头发,9
下面,9
康纳,9
欢迎,9
那种,9
落后,9
世纪,9
要来,9
初中,9
引入,9
离散数学,9
深刻,9
工智人,9
核聚变,9
接受,9
贪心,9
记得,9
幽默,9
道德,9
有生之年,9
运动,9
威震,9
ppt,9
方面,9
谷歌,9
完形填空,9
一边,9
不住,9
自主,9
openai,9
平衡,9
教授,9
哲学,9
司机,9
没法,9
危险,8
听听,8
终极,8
信号,8
不可,8
多个,8
股市,8
系列,8
建议,8
属性,8
衡量,8
盒子,8
bushi,8
科幻,8
吃饭,8
具体,8
小孩,8
变得,8
来自,8
市场,8
反应,8
一集,8
全球,8
电子,8
就业,8
阻止,8
葡萄,8
专家,8
泛化,8
项目,8
验证,8
专家系统,8
人机,8
青苹果,8
上限,8
全民,8
全面,8
结合,8
完美,8
大神,8
收藏夹,8
建立,8
长得,8
太棒了,8
奇迹,8
噪声,8
特斯拉,8
人生,8
表现,8
前来,8
形成,8
巫师,8
逐渐,8
结局,8
之间,8
骗子,8
这下,8
魅力,8
我勒个,8
决策,8
need,8
请问,8
距离,8
内行,8
作用,8
适合,8
诺贝尔,8
多人,8
毛病,8
火星,8
一生,8
带来,8
员工,8
场景,8
先进,8
很快,8
中学,8
值得,8
泡沫,8
多元,8
永生,8
创业,8
味道,8
小说,8
第一次,8
骗局,8
3b1b,8
文化,8
颜色,8
没人,8
星际,8
劝退,8
往往,8
多年,8
分辨,8
数值,8
感受,8
艺术,8
注意力,8
推理,8
产品,8
算是,8
遥遥领先,8
消失,8
不愧,8
连接,8
标题,8
前提,8
相同,7
高考,7
嗓子,7
不足,7
夸张,7
收下,7
起点,7
不让,7
预言,7
膝盖,7
模糊,7
人造,7
大哥,7
工业革命,7
废话,7
大海,7
财富,7
至少,7
全知全能,7
生产关系,7
提前,7
次方,7
依然,7
尝试,7
阿婆,7
文案,7
给出,7
动物,7
评价,7
大概,7
写作文,7
语音,7
邓超,7
旋钮,7
总是,7
乘法,7
获得,7
感性,7
指数,7
正负,7
物质,7
任务,7
无敌,7
任意,7
疯狂,7
精神,7
印象,7
法则,7
内部,7
减少,7
管理,7
巨头,7
相关,7
今年,7
人会,7
刚才,7
就行,7
考研,7
系数,7
的确,7
新闻学,7
加上,7
基因,7
这部,7
白盒,7
利好,7
量变,7
提问,7
男人,7
保证,7
if,7
狂喜,7
过度,7
说不定,7
牛顿,7
无所谓,7
进来,7
有意识,7
牛马,7
山姆,7
感情,7
二年级,7
bgm,7
盈利,7
无关,7
嘿嘿,7
没想到,7
人为,7
变人,7
好听,7
降临,7
重力,7
金钱,7
环境,7
真人,7
概率论,7
o1,7
作业,7
工厂,7
操作,7
风格,7
fake,7
电力,7
CEO,7
很棒,7
推荐,7
质量,7
结束,7
反而,7
经济,7
资本,7
UBI,7
完整,7
手段,7
插值,7
陀螺仪,7
make,7
上课,7
寻找,7
投入,7
够不够,7
理工,7
何尝,7
产业,7
解放,7
变换,7
偏差,7
放弃,7
平面,7
性别,7
从未,7
机会,7
一部分,7
讲得,7
威胁,6
差距,6
钢铁,6
哪来,6
结论,6
服务,6
五个,6
上海,6
停电,6
ASI,6
一根,6
工业,6
因素,6
驱动,6
怀疑,6
自信,6
沟通,6
体系,6
张哲,6
破坏,6
离散,6
角度,6
token,6
特殊,6
悲观,6
离谱,6
古希腊,6
直呼,6
哔哩,6
播放,6
变化率,6
事物,6
实力,6
考古,6
打破,6
一部,6
终将,6
神仙,6
极值,6
晚上,6
中医,6
这部分,6
in,6
open,6
穷人,6
女友,6
可不可以,6
老实,6
相关性,6
评分,6
猴子,6
共存,6
接近,6
房价,6
唯一,6
刘明,6
输入法,6
大多数,6
张祥前,6
豆包,6
多维,6
空洞,6
欧美,6
宝宝,6
精彩,6
西瓜,6
一堆,6
镜头,6
模拟退火,6
飞机,6
罗素,6
风险,6
大力,6
全人类,6
方便,6
写作,6
还会,6
工程师,6
循环,6
路径,6
在意,6
virus,6
扩散,6
仿生,6
computer,6
seek,6
厕所,6
机车,6
成长,6
原神,6
增长,6
注定,6
moss,6
刘邦,6
赋予,6
对应,6
数据库,6
制作,6
良心,6
认真,6
规划,6
西部,6
不少,6
BGM,6
记忆,6
美元,6
效应,6
设定,6
交流,6
感知,6
外卖,6
互联网,6
高等,6
看来,6
设置,6
压缩,6
全世界,6
融合,6
架构,6
危机,6
回家,6
上班,6
硬币,6
擅长,6
当成,6
传销,6
快乐,6
造成,6
一眼,6
掌控,6
my,6
贝叶斯,6
不太,6
新闻,6
太长,6
一半,6
放大,6
优势,6
激情,6
一台,6
马上,6
包括,6
身上,6
几十年,6
he,6
集合,6
血肉,6
相似,6
hhh,6
一套,6
一年,6
负数,6
打败,6
光子,6
放在,6
经历,6
追踪,6
好处,6
体现,6
优秀,6
欲望,6
行动,6
俄罗斯,6
自我意识,6
混凝土,6
维斯,6
同意,6
体验,6
狐狸,6
帮助,6
身份,6
车夫,6
不合理,6
实验,6
政治,6
睡着,6
学阀,6
虚拟世界,6
显然,6
黄金时代,6
好家伙,6
解决问题,5
多久,5
动态,5
挑战,5
纪录片,5
极大,5
打个,5
来个,5
万亿,5
泄露,5
表白,5
肉体,5
听说,5
真棒,5
年代,5
父母,5
苦弱,5
造物主,5
噩梦,5
害怕,5
光荣,5
慢慢,5
汉弗莱,5
转化,5
手里,5
失控,5
当下,5
享受,5
教程,5
博主,5
岗位,5
暂停,5
拜登,5
我成,5
活在,5
目标,5
感人,5
一条,5
死去,5
现象,5
看见,5
终点,5
通辽,5
真理,5
筛选,5
记录,5
泛函,5
刚刚,5
停止,5
不服,5
状态,5
四川,5
太空,5
理想,5
哪有,5
匹配,5
数量,5
活人,5
开拓,5
李飞飞,5
分布,5
考点,5
近似,5
说到底,5
语义,5
即将,5
李永乐,5
工程,5
令人,5
客观,5
老马,5
讲过,5
发财,5
代替,5
怪不得,5
最优化,5
展示,5
生成式,5
最值,5
消耗,5
无穷,5
称之为,5
经常,5
降低,5
少数,5
低保,5
来到,5
意大利,5
人员,5
动力,5
DeepSeek,5
懂得,5
左右,5
不看,5
彻底,5
有钱,5
潘多拉,5
难怪,5
警告,5
氛围,5
物理奖,5
真有,5
进去,5
....,5
导演,5
ubi,5
有限,5
所有人,5
deep,5
女人,5
生理,5
普通,5
大师,5
--,5
效果,5
熊猫,5
相加,5
宠物,5
老铁,5
玄学,5
纬度,5
看成,5
一个月,5
面包,5
人类文明,5
竟然,5
只不过,5
谷物,5
死亡,5
添加,5
单纯,5
放心,5
天天,5
内涵,5
我能,5
运行,5
最低点,5
组成,5
培养,5
几乎,5
多数,5
直到,5
智力,5
显示,5
叛乱,5
铁人,5
灭绝,5
套娃,5
物种,5
从小,5
ceo,5
每天,5
刺激,5
使命,5
过于,5
机械公敌,5
非得,5
约束,5
一方,5
汽车,5
挖矿,5
传递,5
拉格朗,5
发福,5
某种,5
稍微,5
在于,5
your,5
偏向,5
这方面,5
上市,5
解雇,5
得出,5
苏联,5
整体,5
互相,5
差异,5
稳定,5
群星,5
收入,5
回路,5
用户,5
高效,5
永动机,5
上学,5
倍速,5
突触,5
看着,5
来源,5
简称,5
精准,5
发电,5
精通,5
正向,5
养成,5
发型,5
解析,5
分别,5
平方和,5
正片,5
敌人,5
评判,5
命名,5
恐惧,5
上面,5
供给,5
人能,5
有趣,5
三维,5
仔细,5
力大砖,5
剩下,5
sigmoid,5
引擎,5
魔法师,5
宣传,5
困难,5
团队,5
买单,5
自然语言,5
因果,5
精度,5
关联,5
看不到,5
立马,5
领导,5
like,5
这位,5
或者说,5
因果性,5
十年,5
100%,5
星辰,5
火钳,5
不信,5
海量,5
平均,5
啥意思,5
星球,5
它会,5
接触,5
做好,5
核心,5
LGBT,5
皮衣,5
封面,5
力量,5
就学,5
纪元,5
元素,5
企业,5
接下来,5
get,5
炒股,5
一键,5
鸿蒙,5
是从,5
武器,5
太小,5
造出来,5
清洁,5
善文,5
开启,5
一层,5
兴奋,4
提子,4
富人,4
二战,4
超市,4
t800,4
by,4
要素,4
最先,4
教会,4
材料,4
媒体,4
刻板,4
没关系,4
升华,4
无聊,4
嘟嘟,4
成绩,4
常见,4
world,4
短期,4
讨厌,4
几次,4
硬核,4
屏幕,4
片子,4
大战,4
检测,4
陷入,4
阈值,4
大于,4
第二次,4
入门,4
量化,4
曾经,4
太大,4
瞬时,4
主人,4
诚不欺,4
难受,4
性质,4
标注,4
标签,4
数学家,4
代价,4
IT,4
一场,4
翻身,4
全都,4
词语,4
我悟,4
自动化,4
自由,4
拼接,4
下笔,4
左边,4
刚好,4
右边,4
逆向,4
人形,4
洗脑,4
即答,4
皇后,4
man,4
小白,4
读书,4
理智,4
恩斯,4
书读,4
垄断,4
分配制度,4
小伙伴,4
粉笔,4
be,4
作文,4
诗人,4
年收入,4
视角,4
犹太人,4
兴趣,4
仙人,4
试试,4
一顿,4
狂笑,4
对象,4
孤独,4
韭菜,4
回复,4
正是,4
致敬,4
妈咪,4
太太,4
阻止不了,4
来源于,4
像素点,4
粒子,4
散文,4
典型,4
三分,4
基本上,4
战鹰,4
再来,4
rap,4
新世界,4
公务员,4
杀手,4
绝望,4
文科生,4
信心,4
少部分,4
忽略,4
儿子,4
没见,4
画师,4
小子,4
没电,4
更大,4
很小,4
我会,4
制度,4
不得不,4
生化危机,4
看出,4
合适,4
我熟,4
随便,4
调参,4
讲完,4
骑士,4
似乎,4
抵消,4
德国,4
有神,4
生产资料,4
分段,4
篮球,4
老仙,4
公平,4
日本,4
二乘,4
长期,4
Sir,4
销毁,4
作品,4
编写,4
构造,4
龙晶,4
愚蠢,4
搜索,4
赞美,4
attention,4
依赖,4
这门,4
算不算,4
雷军,4
辛顿,4
好人,4
主好,4
故意,4
情商,4
反复,4
上升,4
单调,4
水果,4
配音,4
秩序,4
五感,4
有序,4
重新,4
骗人,4
实践,4
别急,4
触发,4
局域网,4
终生,4
映射,4
事实上,4
A1,4
驾驶,4
膜拜,4
利特,4
可不是,4
小黑子,4
科幻电影,4
野心,4
毕业,4
what,4
一辈子,4
压力,4
gpt3,4
注入,4
交易,4
卡德,4
半年,4
大义,4
后台,4
反例,4
大道至简,4
平台,4
毫无,4
莫迪,4
原始,4
这算,4
diffusion,4
此时,4
担忧,4
霍金,4
风味,4
没学过,4
python,4
话题,4
研究生,4
服务器,4
华尔街,4
本科,4
击鼓,4
心理,4
意味着,4
风投,4
定律,4
古人,4
图形,4
wizard,4
归纳,4
缺少,4
严格,4
转换成,4
else,4
清华大学,4
有时候,4
停不下来,4
医疗,4
多层,4
分不清,4
从来,4
理性,4
前沿,4
强者,4
这事,4
幻视,4
对话,4
transformer,4
小鬼,4
收集,4
搜索引擎,4
有钱人,4
智械,4
别太,4
OPENAI,4
东风,4
指令,4
矛盾,4
庞大,4
虚拟,4
表情,4
多项式,4
形容词,4
线性规划,4
这有,4
成果,4
叠加,4
几何,4
直觉,4
纯粹,4
刷到,4
传统,4
躺平,4
asi,4
解说,4
食物,4
文本,4
单个,4
教学,4
MLP,4
叙事,4
将军,4
拿到,4
事件,4
赶上,4
外国,4
孙正义,4
保持,4
诺亚,4
电能,4
期望,4
终结,4
回到,4
商业,4
这话,4
构成,4
接口,4
agent,4
具备,4
尽头,4
经济学,4
异形,4
错过,4
建模,4
家里,4
收获,4
进到,4
自然选择,4
房子,4
呵呵,4
想想,4
只想,4
表面,4
口气,4
主题,4
不小,4
涉及,4
构建,4
有种,4
生动,4
转基因,4
chatgpt,4
call,4
全错,4
每次,4
重复,4
还好,4
瑞幸,4
清除,4
追求,4
脑机,4
数学分析,4
前方,4
网线,4
尤其,4
ok,4
nb,4
命运,4
一切都是,4
加点,4
复刻,4
jpg,4
断网,4
阿弥陀佛,4
后果,4
吴恩达,4
发钱,4
NLP,4
一说,4
入侵,4
都还没,4
听得,4
智子,4
电话,4
医学生,4
平等,4
地狱,4
一看,4
情绪,4
高一,4
防止,4
银行家,4
祖师爷,4
剪辑,4
电断,4
老外,4
bug,4
当前,4
创始人,4
结尾,4
素养,4
正态分布,4
用心,4
导弹,4
框架,4
学院,4
负担,4
BP,4
确信,4
积分,4
主动,4
长大,4
创造力,4
garbage,4
550W,4
同样,4
打电话,4
俗称,4
扩展,4
字母,4
适应,4
决定论,4
主流,4
百万,4
交互,4
发表,4
驳倒,4
最强,4
羡慕,4
登场,4
二维,4
震撼,4
and,4
网上,4
同一,4
洗澡,4
外界,4
假设,4
洗衣服,4
蛋糕,4
消除,4
箭头,4
事儿,4
时空,4
关心,4
复活,4
有效,4
演化,4
反馈,4
一会儿,4
棒棒,3
齿轮,3
类比,3
sigmod,3
无人驾驶,3
工作效率,3
通顺,3
数理统计,3
细思极,3
刚下,3
黄仁勋,3
森林,3
态度,3
搭建,3
这件,3
机翻,3
AIGC,3
先锋,3
最有,3
创意,3
丝滑,3
无数个,3
计量,3
寒冬,3
搞懂,3
粉丝,3
顶级,3
卡脖子,3
守望,3
语文,3
双手,3
人脸识别,3
上下文,3
二分法,3
科技进步,3
逼近,3
禁止,3
语素,3
车牌,3
乱入,3
人有,3
换个,3
经验主义,3
衣服,3
特定,3
最快,3
算了,3
永不,3
线代,3
导论,3
差别,3
残差,3
当代,3
凌晨,3
直观,3
谣言,3
巧妙,3
去除,3
试验,3
年纪,3
安全,3
合成,3
看上去,3
发光,3
面拌,3
递归,3
胖胖,3
课件,3
路过,3
偏微分,3
找出,3
好棒,3
摸摸,3
解释性,3
tm,3
分割,3
引发,3
疑问,3
规定,3
承包,3
理科,3
for,3
链接,3
象征,3
人格,3
营社,3
生产能力,3
三合一,3
三生,3
人去,3
联想,3
调参侠,3
面积,3
太有,3
加大,3
先生,3
加法,3
这篇,3
三十年,3
叩首,3
Python,3
大二,3
明年,3
层级,3
报告,3
可灵,3
已知,3
毫无疑问,3
精英,3
认同,3
学科,3
万卷,3
之美,3
否定,3
开头,3
这么久,3
即可,3
大病,3
普通话,3
之外,3
语句,3
三连求,3
公民,3
相当,3
好久,3
缺陷,3
图谱,3
一家,3
婴儿,3
载体,3
观察,3
这样的话,3
一颗,3
震惊,3
早期,3
机魂,3
冲突,3
路线,3
链式,3
写错,3
争取,3
别念,3
尺寸,3
随时,3
10%,3
马尔可夫,3
演示,3
条件反射,3
一发,3
不止,3
Up,3
查资料,3
瞬间,3
坚持,3
万能,3
受教,3
此处,3
片段,3
品种,3
耳朵,3
太阳,3
只靠,3
无序,3
只生,3
升级,3
原来如此,3
难以,3
about,3
hinton,3
音乐,3
趋近,3
运算量,3
交给,3
统一,3
总算,3
叠甲,3
死刑,3
知识点,3
最佳,3
大一,3
阴阳怪气,3
前进,3
对待,3
其他人,3
关联性,3
一刷,3
World,3
微分,3
投资人,3
终究会,3
单一,3
火箭,3
萨拉,3
电信号,3
gradient,3
没用,3
支配,3
进制,3
文章,3
期货,3
双料,3
开幕,3
扯淡,3
救命,3
老祖宗,3
can,3
算术,3
测量,3
占据,3
可能性,3
坚信,3
一个半,3
上来,3
不好意思,3
语料,3
狗狗,3
之神,3
调节,3
这会,3
可不,3
雏形,3
挫折,3
三体问题,3
运作,3
奇数,3
要说,3
幻听,3
轮回,3
异或门,3
应激,3
暴力,3
农夫,3
秦始皇,3
穷举,3
津津有味,3
极小值,3
实质,3
领先,3
斜率,3
百分百,3
控制变量,3
面向,3
执行,3
越多越,3
表征,3
电池,3
太慢,3
数学课,3
层面,3
能否,3
真不错,3
高中数学,3
一点点,3
清晰,3
遇到,3
演讲,3
真牛,3
中心,3
印斯茅斯,3
素材,3
咕咕,3
以上,3
相互,3
独立,3
对错,3
出手,3
启发,3
面前,3
王者,3
数学计算,3
迟早,3
消费,3
动作,3
角度看,3
EY,3
终究,3
蘑菇,3
二进制,3
byd,3
预习,3
不养,3
盒饭,3
爱看,3
充电,3
后代,3
魔导师,3
生命体,3
格局,3
西电,3
手套,3
坏人,3
初二,3
做梦,3
收益,3
openAI,3
一下子,3
阶级,3
概括,3
夺少,3
圆脸,3
这次,3
Intelligence,3
最终幻想,3
投資,3
补课,3
忽悠,3
直播,3
哥德尔,3
非常明显,3
资本家,3
违法,3
不在乎,3
纯血,3
短视,3
QQ,3
好大,3
问问,3
F47,3
出新,3
鼓励,3
不远,3
進步,3
城市,3
啧啧,3
老黄,3
退出,3
水分,3
最早,3
讲故事,3
收割,3
逆天,3
似曾相识,3
战士,3
现场,3
负值,3
反派,3
出去,3
深蓝,3
付费,3
走起,3
镜像,3
不像,3
局限,3
欺骗,3
戴眼镜,3
CG,3
听讲,3
一手,3
挨打,3
用过,3
用人,3
一位,3
认定,3
恐慌,3
啥时候,3
蛋白质,3
颜宁,3
贡献,3
疑犯,3
某种意义,3
一名,3
卷福,3
当真,3
听得懂,3
外包,3
晓涵,3
月薪,3
chat,3
万年,3
that,3
不知,3
正义,3
奴役,3
观众,3
缺席,3
无知,3
大小,3
特别,3
原图,3
处于,3
狮子,3
传感器,3
开会,3
LSTM,3
实业,3
纠结,3
母亲,3
老公,3
阵痛,3
月儿,3
个体,3
cg,3
数学系,3
敏感,3
人间,3
保留,3
核武器,3
风暴,3
流浪,3
过后,3
有意思,3
冒险,3
存储,3
冲冲,3
寻思,3
Your,3
猫猫,3
风道,3
上次,3
引起,3
狠人,3
再有,3
四大,3
细胞,3
传花,3
事实,3
重力势能,3
咖喱,3
一个多,3
scaling,3
信息网,3
甲方,3
看得出来,3
查出来,3
波士顿,3
太强大,3
加班费,3
超导,3
瓶颈,3
越来越快,3
大学生,3
新能源,3
良币,3
秘密,3
got,3
资格,3
全能,3
元凶,3
ANI,3
潜在,3
诡计,3
标记,3
干过,3
人人,3
骂人,3
能工,3
完事,3
智人,3
两天,3
人体,3
到达,3
约翰,3
庞氏,3
涌现,3
会计,3
能耗,3
实体,3
浪漫,3
逻辑推理,3
太帅,3
查出,3
艺术创作,3
独立思考,3
指导,3
红利,3
信仰,3
哇塞,3
生化,3
MOSS,3
清华,3
违背,3
指望,3
大雷,3
竞争,3
形态,3
先赞后,3
成都,3
范围,3
中科院,3
远超,3
级别,3
接入,3
上网,3
鸡皮疙瘩,3
高度,3
黑暗,3
返回,3
诺贝尔奖,3
下来,3
就够,3
生物学,3
下周,3
中脑,3
下棋,3
自私,3
沉没,3
初一,3
阿隆索,3
打篮球,3
潍坊,3
30%,3
玄戒,3
孙定锐,3
严重,3
造物,3
植物,3
四点,3
彼得,3
2.0,3
孙悟空,3
过分,3
计算方法,3
灭亡,3
恰恰,3
到处,3
重复性,3
荣誉,3
移民,3
DNA,3
广泛,3
阵痛期,3
外国人,3
整合,3
阿波罗,3
疑惑,3
刚看,3
电费,3
眼神,3
赡养,3
遗忘,3
鹅会,3
承认,3
失败,3
师大,3
洗澡水,3
采样,3
上解,3
重装机兵,3
太好,3
峰哥,3
我国,3
阴阳,3
职位,3
little,3
CNN,3
出错,3
如是说,3
银翼,3
人文,3
区域,3
流量,3
罗辑,3
开卷,3
单独,3
霸权,3
投钱,3
赞同,3
公开,3
搞清楚,3
宝贝,3
大陆,3
下山,3
社保,3
解决不了,3
量级,3
讲课,3
神明,3
再次,3
版权,3
事实证明,3
缺钱,3
过去,3
现有,3
活动,3
段位,3
最少,3
曲线,3
起飞,3
到位,3
世上,3
鸡汤,3
变胖,3
派大星,3
坐牢,3
语言学家,3
开局,3
那天,3
钢印,3
流水账,3
供不起,3
讲武,3
怎么回事,3
拓展,3
混沌,3
含义,3
每人,3
buff,3
案例,3
理想主义者,3
联合,3
全会,3
允许,3
一知半解,3
大饼,3
一块,3
笔画,3
半天,3
式子,3
练习,3
一大,3
定理,3
时事,3
重点,3
一只,3
再造,3
维持,3
科研,3
政府,3
放下,3
字数,3
关机,3
OpenAI,3
其义,3
高度发达,3
百遍,3
革命,3
海滨,3
指纹,3
等不及,3
折磨,3
痛苦,3
差点,3
主義,3
物理学,3
搞不好,3
千亿,3
母语,3
这波,3
很少,3
骗钱,3
远远,3
幼崽,3
英国人,3
擎天柱,3
特征向量,3
介绍,3
申请,3
玩家,3
引用,3
人口,3
众筹,3
特工,3
填坑,3
图纸,2
三七分,2
特有,2
妨碍,2
股东,2
少女,2
图是,2
接盘,2
四代,2
秋香,2
局限性,2
DS,2
本能,2
张杏,2
不久,2
盲目,2
迪迦,2
抗拿,2
追赶,2
技术人员,2
张杏别学,2
外语,2
多么,2
吉大,2
坏事,2
见到,2
收到,2
常温,2
养起来,2
逻辑关系,2
说用,2
通通,2
杀人,2
官方,2
逻辑性,2
神经元网络,2
四舍五入,2
杜加尔,2
退休,2
老爷子,2
起源,2
接收,2
智识,2
死物,2
初代,2
小爱,2
圈钱,2
特解,2
但凡,2
有大雷,2
越大越,2
老粉,2
机房,2
lgbt,2
反对,2
窒息,2
连线,2
硅谷,2
记忆力,2
火星人,2
估计量,2
星神,2
一次函数,2
回国,2
魔性,2
电路,2
楼上,2
年前,2
谎言,2
李白,2
赢学,2
字研,2
观念,2
机盖,2
层次,2
锻炼,2
眼光,2
作出,2
大声,2
挣钱,2
until,2
ax,2
高铁,2
非常复杂,2
简明,2
灰度,2
接话,2
倒果为因,2
因為,2
反演,2
第四次,2
最初,2
满嘴,2
倒下,2
劣币,2
几秒,2
环保,2
驱逐,2
很长,2
过多,2
管理员,2
著名,2
啥子,2
切断,2
之大,2
2x,2
闭店,2
选中,2
爱伦,2
阴谋论,2
骨头,2
全程,2
那位,2
爱因斯坦,2
洗地,2
时光,2
representation,2
生态,2
面对,2
穿越,2
胡说,2
表现形式,2
说句实话,2
T800,2
昆工,2
过滤器,2
太反,2
f2,2
有名,2
全自动,2
f1,2
提现,2
有救,2
k1,2
快来,2
二生,2
交点,2
不提,2
洛特,2
预售,2
二极管,2
前线,2
韩国,2
非洲,2
长生不老,2
二阶,2
高端,2
过快,2
之于,2
hhhhhh,2
用于,2
捕食,2
前馈,2
绝不会,2
早日,2
相乘,2
雨田君,2
量产,2
出奇,2
第五,2
充分条件,2
哲科,2
先果,2
神通,2
杀掉,2
没想,2
百年,2
天地,2
吃掉,2
日常,2
罗永浩,2
口音,2
基础科学,2
社区,2
泡泡,2
灾难,2
信道,2
带英,2
回旋,2
接管,2
刚学,2
多多,2
boy,2
下午,2
1.5,2
ATM,2
依旧,2
550w,2
成像,2
场面,2
眼熟,2
版本,2
眼里,2
地球村,2
惭愧,2
智能科学,2
举手,2
保不住,2
教室,2
毕业论文,2
买姓,2
武大,2
推演,2
国别,2
伙伴,2
emmm,2
娃哈哈,2
陈熙,2
漫步,2
宏大,2
我刚,2
水下,2
德尔塔,2
选手,2
故人,2
领悟,2
不能不要,2
循环论证,2
隐藏,2
硬度,2
mud,2
肉眼,2
房地产,2
野兽,2
失去,2
真查,2
见过,2
遭遇,2
点点,2
语境,2
有备而来,2
香肠,2
石油大学,2
仿照,2
后门,2
星穹,2
能算,2
山海经,2
K1,2
是非,2
储备,2
真能,2
耳机,2
定量分析,2
看书,2
计科,2
监管,2
老乡,2
机构,2
不见,2
分子,2
弄清楚,2
小强,2
n0,2
心态,2
谁家,2
铁道,2
下个,2
往下,2
个币,2
偏置,2
优先,2
hi,2
大到,2
分母,2
法拉第,2
退市,2
姐们,2
爱情,2
公寓,2
一模一样,2
何用,2
代数学,2
认证,2
换取,2
长胖,2
标量,2
会火,2
相比,2
目测,2
最小值,2
网站,2
盼望,2
完结,2
发工资,2
玩金,2
亚马逊,2
不活,2
爱迪生,2
舒适,2
数码,2
吵死,2
法律,2
猫鼠,2
人力,2
刁难,2
王炸,2
履历,2
兼职,2
楼主,2
淘宝,2
嘲笑,2
无尽,2
第一步,2
大殖子,2
CSDN,2
个事,2
gpu,2
till,2
背书,2
考前,2
上午,2
能屈能伸,2
撒花,2
使徒,2
结点,2
鉴定,2
法国,2
必然结果,2
有过,2
实事求是,2
柜员机,2
crud,2
带动,2
不得,2
柜员,2
降下来,2
工大,2
曼哈顿,2
Transformer,2
安师,2
狂啸,2
大梁,2
手工,2
外行,2
智能化,2
无声,2
切成,2
既有,2
太妙了,2
看多,2
投影,2
画图,2
刘海,2
同行,2
网易,2
活儿,2
提示,2
决策树,2
图刀,2
学了,2
越来越少,2
一谈,2
一波,2
醍醐灌顶,2
先投,2
ml,2
点钞,2
引导,2
耗费,2
纯手工,2
谈不上,2
白狼,2
常数,2
草履虫,2
撑死,2
配合,2
茅塞顿开,2
饿死,2
超人,2
特效,2
仍然,2
音量,2
滤波器,2
华容道,2
主导,2
杨博别学,2
张龙,2
finetune,2
占杰,2
丁柏朝,2
选项,2
悖论,2
品牌,2
预期,2
火线,2
买房,2
没学,2
三点,2
一处,2
后小盆友,2
比划,2
正方形,2
编造,2
hh,2
应试教育,2
汇率,2
地点,2
java,2
之敌,2
味觉,2
goat,2
碟中谍,2
戒毒,2
大学本科,2
读取数据,2
出过,2
商人,2
魔盒,2
指日可待,2
实测,2
GPT4o,2
伤害,2
恰好,2
曲面,2
闭环,2
发言,2
一心,2
狂人,2
毕达哥拉斯,2
有部,2
点名,2
说词,2
试图,2
开玩笑,2
个别人,2
love,2
高速运转,2
怪兽,2
尘埃,2
弱点,2
堆算力,2
下岗,2
匿名,2
回去,2
文学,2
蕴含,2
维纳,2
音频,2
才行,2
运用,2
克星,2
胡说八道,2
摄影,2
病人,2
建设,2
过渡,2
保护伞,2
满意,2
卡拉,2
漂亮,2
国有化,2
举报,2
无处不在,2
六个,2
美国政府,2
七天,2
所关,2
梦回,2
不愁,2
提醒,2
别骂,2
重量级,2
权利,2
来回,2
跳跃,2
压根,2
把手,2
四维,2
营销,2
different,2
扫描,2
dio,2
复读机,2
真好,2
0.2,2
耗时,2
氧气,2
最坏,2
来学,2
太差,2
有时,2
同款,2
引人入胜,2
力大飞,2
插头,2
有机,2
燃料,2
蓝牙,2
一带,2
开原,2
药物,2
黄龙,2
家长,2
GPU,2
油饼,2
掏钱,2
baby,2
散度,2
旋度,2
不高,2
坐等,2
树点,2
我试,2
preview,2
qwq,2
猫娘,2
噱头,2
发量,2
计算器,2
蒙圈,2
说得对,2
开除,2
洗衣机,2
课本,2
预感,2
拼错,2
破裂,2
无机物,2
高中生,2
想不到,2
台词,2
绷住,2
诺奖,2
奋斗,2
少量,2
更久,2
天道,2
讨论,2
挑选,2
特性,2
弱肉强食,2
太阳系,2
生存空间,2
限定,2
所在,2
偶然,2
一级,2
可控因素,2
拉曼,2
重叠,2
单单,2
Artificial,2
卖弄,2
反驳,2
我点,2
最贵,2
数模,2
撤销,2
困惑,2
做个,2
污染,2
语料库,2
换成,2
性能,2
听话,2
势函数,2
赶快,2
别是,2
亚托莉,2
歌谣,2
蒙特卡洛,2
拉玛,2
努金,2
字典,2
长度,2
螺丝钉,2
地道,2
提取,2
商品,2
已来,2
求解,2
失踪人口,2
帝皇,2
果壳,2
高等数学,2
底线,2
光速,2
三条,2
拿来,2
内味,2
functions,2
describe,2
面相,2
眼看,2
小心,2
切掉,2
猫训,2
逻辑系统,2
西医,2
主线,2
活体,2
陈设,2
不变,2
因果律,2
融入,2
四次,2
社科,2
一期,2
大面积,2
社会学,2
鞍型,2
下册,2
握草,2
MNIST,2
鬼故事,2
more,2
未知,2
得主,2
伊奥,2
记不住,2
十句话,2
香蕉,2
太远,2
毅力,2
魅魔,2
灵感,2
加速,2
恍然大悟,2
克服,2
梯度方向,2
内有,2
邻域,2
指挥,2
变分,2
超平面,2
流体力学,2
wc,2
紧跟,2
有生,2
总比,2
被迫,2
传动比,2
文件,2
从事,2
Qstar,2
机械学习,2
比点,2
开放,2
---,2
源代码,2
财产,2
误导,2
老头,2
gpt4,2
牺牲品,2
The,2
荣耀,2
滑稽,2
食用,2
蜂群,2
小狗,2
后续,2
助手,2
无人机,2
创作,2
地产,2
不来,2
学派,2
能拔,2
Oh,2
特点,2
破灭,2
wow,2
假说,2
恐惧症,2
果断,2
研制,2
单词,2
学个,2
----,2
达标,2
爆发,2
干掉,2
电位,2
电车,2
在乎,2
倒数,2
玄幻,2
llm,2
星级,2
加班,2
历史性,2
查重,2
逃跑,2
暴雷,2
辨识,2
描绘,2
造车,2
尼古拉,2
犯错,2
够用,2
辛格,2
专员,2
发力,2
创造者,2
打饭机,2
神圣,2
牛皮,2
本地,2
星空,2
大地,2
成神,2
一帧,2
画风,2
撒旦,2
文字游戏,2
推迟,2
警醒,2
挡住,2
标点,2
实话,2
文心,2
国产,2
产者,2
交叉学科,2
摸鱼,2
后人,2
全体,2
蛙趣,2
保洁,2
美股,2
青春期,2
一代,2
治愈,2
启动器,2
表演,2
新冠,2
贪婪,2
动效,2
挺不错,2
基本知识,2
失效,2
斯坦福,2
物品,2
永恒,2
copilot,2
听腻,2
这笔,2
发出,2
德特茅斯,2
狭隘,2
咋办,2
哈耶克,2
意图,2
成功者,2
圈养,2
雷曼,2
那会,2
汉芯,2
往前,2
轨迹,2
不全是,2
缩短,2
不易,2
没意思,2
凭空,2
高层,2
__,2
发过,2
机器翻译,2
半神,2
传送,2
触觉,2
笑话,2
回收,2
胖可胖,2
大学毕业,2
我特,2
前期,2
个人感觉,2
玻璃,2
保守,2
快递,2
笑麻,2
经费,2
出口,2
战胜,2
末路,2
美利坚,2
星球大战,2
mppt,2
加拿大,2
玩完,2
气味,2
奇才,2
基础学科,2
Nvidia,2
哈鲁,2
会计师,2
邪恶,2
事务所,2
安永,2
通俗,2
sir,2
技巧,2
头上,2
为时已晚,2
咖啡,2
难忘,2
切割,2
布利,2
向导,2
本事,2
模式匹配,2
大赛,2
传奇,2
Indian,2
读音,2
白人,2
历史课,2
烧钱,2
有利于,2
小球,2
好哇,2
记录下来,2
资金,2
浪费,2
主体,2
亿个,2
之分,2
快进,2
放缩,2
动作电位,2
實現,2
已經,2
外面,2
干脆,2
ta,2
已有,2
风景区,2
of,2
灭霸,2
大冒险,2
翻书,2
名词,2
女工,2
纺纱,2
硅胶,2
4.0,2
核弹,2
不受,2
太赞,2
东北,2
世界大战,2
语法结构,2
现代,2
太高,2
维生物,2
明明,2
实则,2
看似,2
喝水,2
昂撒,2
指出,2
凶手,2
跟上,2
一味,2
码农,2
广东,2
盲猜,2
消极,2
这道题,2
立场,2
高斯,2
黄色,2
挖掘,2
泰拉,2
极端,2
负责,2
将来,2
上场,2
海里,2
创世纪,2
洛夫,2
巴普,2
最长,2
文采,2
牛批,2
功劳,2
战锤,2
正好,2
数十年,2
通信工程,2
线性组合,2
能看懂,2
考数,2
当初,2
野生,2
阴谋,2
爬山,2
永存,2
机密文件,2
高质量,2
优胜劣汰,2
普及,2
黑墙,2
目光,2
呜呜,2
生草,2
早晚,2
没到,2
不怎么,2
高冷,2
第三次,2
信息时代,2
更高,2
造假,2
炒大,2
局限于,2
万个,2
发育,2
还给,2
9.11,2
害死,2
做事,2
神性,2
干预,2
调皮,2
大约,2
头部,2
警惕,2
面向对象,2
耗电量,2
感官,2
这能,2
每时每刻,2
3D,2
神造,2
武装,2
放生,2
画个,2
活到,2
傲慢,2
微生物,2
三年,2
获取,2
会议,2
源神,2
招收,2
变相,2
保密,2
天生,2
道生,2
底下,2
劣势,2
陈金涛,2
Apple,2
小破,2
阿里,2
good,2
严格来说,2
石江杰,2
跟不上,2
实时,2
去掉,2
未必,2
严谨,2
产能,2
优雅,2
温州,2
内正,2
罪过,2
外负,2
GAI,2
点子,2
原本,2
流行,2
界定,2
主观,2
超算,2
总和,2
培育,2
牢笼,2
老是,2
秀儿,2
雪儿,2
糟糕,2
幼稚,2
机电,2
一本,2
细致,2
太阳能,2
走进,2
開始,2
制造者,2
延拓,2
恐怕,2
不幸,2
第二遍,2
编程语言,2
取值,2
dx,2
dy,2
骚话,2
复习,2
虐待,2
高三,2
十几年,2
外星,2
卖家,2
几百年,2
相较,2
财务,2
剧本,2
发明家,2
3blue1brown,2
转化成,2
剧透,2
字词,2
前文,2
du,2
翻译成,2
表达式,2
含金量,2
海军,2
cpu,2
舒服,2
张智迪,2
螺旋,2
设备,2
迷糊,2
貌似,2
感动,2
尖端,2
迭代法,2
Deepseek,2
裘德洛,2
排列组合,2
瓦鲁多,2
一瞬间,2
LOL,2
开关,2
好几个,2
可比,2
像不像,2
hhhhh,2
数次,2
相反,2
影响力,2
军粮,2
拼图,2
固定,2
天津,2
停机问题,2
孙宇,2
铺开,2
偶像,2
三人行,2
按钮,2
产出,2
嵌套,2
必有我师,2
男性,2
女性,2
成就,2
拐点,2
直线,2
起码,2
ChatGPT,2
冗余,2
连招,2
闪耀,2
学术,2
误导性,2
score,2
迫不及待,2
土豆丝,2
姜丝,2
我学,2
妇联,2
讲清楚,2
张耀,2
诗云,2
易经,2
大规模,2
陷阱,2
讽刺,2
黄金,2
没看,2
别看,2
文科,2
真帅,2
发展趋势,2
细节,2
最速,2
幻觉,2
要长,2
一个点,2
对方,2
莫名其妙,2
暑假作业,2
经典作,2
两发,2
心情,2
启发性,2
逻辑学,2
90min,2
jkl,2
南方,2
pony,2
抑郁,2
上涨,2
排除法,2
超出,2
belike,2
十亿,2
九年,2
网约车,2
一个个,2
压榨,2
殖民,2
设计者,2
叠满,2
共同,2
纯纯,2
湮灭,2
想当,2
资料片,2
常润,2
大多,2
wyx,2
基层,2
多算力,2
赵高,2
language,2
科比,2
母校,2
做题,2
回形针,2
光辉,2
巧合,2
母体,2
站住,2
断头,2
瞌睡,2
相声,2
哪有什么,2
及时,2
你家,2
老子,2
王后,2
Deep,2
All,2
解答,2
太短,2
罗斯,2
不出,2
国王,2
强多,2
顿悟,2
石油,2
不至于,2
小白能,2
常识,2
红石,2
回头,2
等待,2
好帅,2
.....,2
一卡,2
马铃薯,2
陌生人,2
土豆,2
保障,2
小天使,2
一共,2
背景,2
数学题,2
布莱恩特,2
阴天,2
主次,2
详细,2
事故,2
实验学校,2
一卷,2
猫和老鼠,2
A股,2
但愿,2
华罗庚,2
黄金分割,2
水文,2
do,2
建筑,2
洪水,2
kimi,2
维特根斯坦,2
补贴,2
一大堆,2
何方,2
对面,2
大幅,2
合作,2
还原,2
完备,2
资产,2
多余,2
画作,2
三四千,2
教材,2
岁数,2
肘击,2
方程,2
合体,2
oier,2
更替,2
这时候,2
健康,2
三千多,2
一厢情愿,2
坚果,2
实战,2
卖课,2
薄弱,2
學習,2
题目,2
小哥,2
车泰宇,2
相关系数,2
学得,2
小学生,2
独特,2
低收,2
从此,2
DEEPSEEK,2
可控性,2
布朗运动,2
能用,2
主给,2
咕嘟,2
一股,2
娱乐,2
维系,2
没白学,2
已点,2
下次,2
作者,2
一批,2
元年,2
识图,2
指鹿为马,2
千万别,2
非战斗,2
马尔科夫,2
撤离,2
五笔,2
预先,2
动捕,2
演员,2
班张,2
争议,2
拼音,2
大学教授,2
比尔,2
精确,2
机械设计,2
以外,2
奇异,2
视力,2
神秘,2
Functions,2
nnd,2
传播学,2
更多人,2
信息论,2
数据量,2
起名,2
low,2
悲观者,2
小于,2
信息技术,2
体面,2
特指,2
颜值,2
压制,2
必胜,2
操作系统,2
descent,2
包含,2
Described,2
电压,2
之上,2
一段时间,2
作弊,2
图生,2
不火,2
仿佛,2
出生,2
少数派,2
惊人,2
高价,2
保险,2
写成,2
莎士比亚,2
学期,2
钥匙,2
味儿,2
视为,2
非要,2
东方,2
打字,2
休息,2
美版,2
一张,2
脑袋,2
天堂,2
之母,2
热门,2
乾杯,2
一波帅,2
天一,2
无论如何,2
充满,2
温柔,2
哲学家,2
化工大学,2
门槛,2
炸裂,2
英国,2
伦理,2
應該,2
生物体,2
不赖,2
推广,2
ds,2
分开,2
下雨,2
out,2
Attention,2
来讲,2
中性,2
转换,2
比人,2
高能,2
易懂,2
欢乐谷,2
白嫖之星,2
关掉,2
更为,2
难过,2
安排,2
斑马,2
趋利避害,2
可怜,2
取消,2
news,2
深深地,2
审核,2
次数,2
over,2
大鹏,2
流形,2
字节,2
不该,2
意外,2
多钱,2
出不去,2
维护,2
繁衍,2
第六,2
感兴趣,2
马克思,2
没发,2
活该,2
真长,2
压轴,2
当做,2
脖子,2
推动,2
绘画,2
欺负,2
数理逻辑,2
成熟,2
高维,2
没涨,2
比起,2
秋叶,2
泰迪,2
美的,2
说出,2
乘数,2
hello,2
不太好,2
工种,2
这点,2
性格,2
时钟,2
摒弃,2
乔姆斯基,2
四种,2
一圈,2
人工神经网络,2
大砖,2
自研,2
繁殖,2
围棋,2
新陈代谢,2
阿丽塔,2
one,2
培训,2
源于,2
loud,2
扩大,2
更进一步,2
柴犬,2
之光,2
成人,2
太低,2
无关紧要,2
太难,2
黑镜,2
model,2
参考,2
别忘了,2
成立,2
宗教,2
有幸,2
比如说,2
警察,2
赶不上,2
未有,2
童星,2
茅台,2
大变局,2
苗人,2
可比性,2
或非,2
尼玛,2
R1,2
修炼,2
深山,2
鸿沟,2
背景音乐,2
留言,2
几岁,2
惊喜,2
单位,2
深思,2
点歌机,2
年龄,2
路上,2
悲剧,2
始终,2
learning,2
并不知道,2
有毒,2
两次,2
不明,2
节奏,2
被困,2
远古,2
一枚,2
汉语,2
角色,2
航海,2
说错,2
自见,2
symbolism,2
华侨,2
My,2
Washing,2
name,2
贬值,2
坚定,2
转过,2
节目,2
大同,2
心动,2
满足,2
perception,2
定性,2
fine,2
哈里森,2
后宫,2
职业培训,2
市面上,2
law,2
搞错,2
语言学,2
返厂,2
用到,2
表明,2
痛受,2
尸体,2
云里雾里,2
资深,2
拒绝,2
跟着,2
夹岸,2
高山,2
受不了,2
中产,2
诺贝尔化学奖,2
方方面面,2
眼前一亮,2
两码事,2
Laugh,2
黑洞,2
光学,2
眨眼,2
GPT3,2
百分之,2
泰迪熊,2
自带,2
乔治,2
笔记本,2
亿遍,2
过滤,2
高估,2
generalization,2
促使,2
集中,2
解决方案,2
回合,2
新技術,2
实际意义,2
剪枝,2
加快,2
回溯,2
张图,2
半小时,2
促进,2
深入,2
红色,2
演过,2
属实,2
吃饱,2
问答,2
用电,2
不配,2
考生,2
TM,2
许家,2
热点,2
第三,2
马车,2
疯子,2
我草,2
have,2
模拟器,2
英语听力,2
马克思主义,2
扣个,2
天书,2
总动员,2
旅游,2
玩具,2
频道,2
洗洗,2
首页,2
助攻,2
训狗,2
OI,2
变革,2
矿工,2
主角,2
东升,2
体力劳动,2
平均分,2
女儿,2
释放,2
此阵,2
回响,2
这辈子,2
简历,2
机体,2
一群,2
巨佬,2
年内,2
比例,2
五遍,2
便是,2
改成,2
高兴,2
简化,2
回忆,2
idiot,2
加个,2
持续,2
四班,2
沉淀,2
图像识别,2
遥远,2
那能,2
滤波,2
万岁,1
平权,1
台前,1
交换,1
信任度,1
低空,1
卖肉,1
一把,1
只能靠,1
重大突破,1
国旗,1
做大,1
抹除,1
内鬼,1
再配,1
ML,1
小灰人,1
脑缠,1
租金,1
拉个,1
不知不觉,1
没别,1
作答,1
阿拉,1
高效率,1
冰点,1
打坐,1
苍白无力,1
EACC,1
阵营,1
梦里,1
节约,1
弟弟,1
新盾,1
奥尔加,1
散发,1
饭钱,1
观星,1
程序代码,1
强弱,1
阿美,1
那份,1
大锅饭,1
深耕,1
群约个,1
从古至今,1
催眠,1
道士,1
一回,1
自称,1
增笑,1
沙发,1
表达方式,1
不管怎样,1
兼容,1
碳基们,1
不足以,1
意味,1
早点,1
尽可能减少,1
越难,1
吹起来,1
越有,1
吹头,1
轻快,1
复杂性,1
按天,1
小曲儿,1
形容,1
生硬,1
升值,1
三等舱,1
即见,1
如来,1
文物,1
冷门,1
博物馆,1
幸好,1
成赛,1
一拉,1
送餐,1
主读,1
父是,1
残酷,1
拔剑,1
留给,1
天方夜谭,1
涨工资,1
电是,1
东来,1
四顾,1
茫然,1
说些,1
种地,1
维克多,1
审判,1
光明,1
电闸,1
老老实实,1
表达出来,1
主管,1
果克,1
发粮,1
全解,1
shenmianr,1
实用,1
单身,1
教育领域,1
断层,1
决策权,1
无休止,1
state,1
好笑,1
需所取,1
黄硬麻,1
撸子,1
份子,1
不上,1
泄密,1
世家,1
让步,1
神仙会,1
诺兰,1
干的事,1
主机,1
流口水,1
闵主,1
诺拉,1
openaiT100,1
无所畏惧,1
上演,1
不断进步,1
没醒,1
制杖,1
降本,1
市场化,1
他命,1
开新,1
物价,1
绿字,1
看样子,1
无能,1
不起,1
单元,1
cuda,1
不拜,1
比泰森,1
测算,1
2b,1
二郎腿,1
网购,1
翘着,1
欧服,1
芬兰,1
挪威,1
单休,1
tzn,1
安全网,1
造不出,1
自由职业者,1
与我无关,1
穷逼们,1
象牙塔,1
九成,1
统治阶级,1
战乱,1
显得,1
见解,1
人真牛,1
销售,1
稿子,1
辨别,1
毫无意义,1
核电站,1
若智,1
回事儿,1
告别,1
理论指导,1
真是太,1
几级,1
这一,1
受控,1
AIi,1
没光,1
当狗,1
对手,1
去造,1
好比,1
一块钱,1
作风,1
知人知面不知心,1
建造,1
隐形,1
大大,1
apex,1
飞跃,1
看不见,1
T1000,1
90%,1
叫弱,1
GPT5,1
拔电,1
历史舞台,1
有迹可循,1
货币,1
欧欣,1
agl,1
吃喝,1
来断,1
还轮,1
发电站,1
关怀,1
落地,1
拔掉,1
懒惰,1
果实,1
驯化,1
他会,1
会降,1
這些,1
規律,1
無法,1
炒股票,1
紅利,1
手上,1
无奈,1
甚麼,1
个别,1
押注,1
进展,1
蜥蜴人,1
开眼,1
生產技術,1
先不说,1
芭比,1
技術,1
幅度,1
玛诗,1
万众,1
引来,1
要升,1
哗众取宠,1
生育率,1
再度,1
造福,1
生产成本,1
身不由己,1
巩固,1
东大,1
划分,1
受益,1
共济会,1
粮票,1
图穷匕见,1
上司,1
别想,1
GATE,1
STEIN,1
打工,1
資本,1
文档,1
架构图,1
transform,1
拿个,1
往好,1
电站,1
商用,1
放慢,1
获利,1
打火机,1
咬赛,1
没活,1
投胎,1
寿命,1
养老,1
袜子,1
规范,1
Delayed,1
所用,1
用处,1
打脸,1
整笑,1
死活,1
墙壁,1
美味,1
并不一定,1
歇歇,1
回锅肉,1
嘴上,1
诚实,1
伊利亚,1
无穷无尽,1
卵用,1
化学,1
原则,1
停滞不前,1
密码,1
银行,1
破解,1
能动,1
不敢相信,1
工具化,1
憎恶,1
破坏力,1
学者,1
纺织业,1
基础理论,1
空口无凭,1
专项,1
纺织机,1
独类,1
独门,1
严肃,1
absolute,1
有条理,1
报仇,1
慕购,1
资本运作,1
原始社会,1
入殓,1
核战,1
功不可没,1
白搭,1
曲速,1
电力系统,1
赛尔,1
同类,1
疏而不漏,1
天网恢恢,1
古斯塔夫,1
不带,1
上映,1
掺水,1
降智,1
负债,1
第三产业,1
看待,1
好坏,1
星人,1
雀食,1
zero,1
天龙,1
aespa,1
经营,1
行不行,1
变形,1
交叉,1
见面,1
天要,1
器皿,1
倍数,1
找个,1
感触,1
集中化,1
身后,1
旧网,1
祖国,1
大鸣大放,1
AGIA,1
张口,1
叶文洁,1
zhenggedetianbianchengle,1
会员,1
中产阶级,1
几辈子,1
计量单位,1
恒大变,1
打通,1
记仇,1
闭锁,1
这关,1
降神,1
赞成,1
无产,1
穿着,1
成年人,1
发挥,1
可用,1
撒谎,1
三波,1
后腿,1
超乎,1
弄点,1
资产阶级,1
以夷制夷,1
拖鞋,1
完善,1
终会,1
带有,1
无论是,1
盘古,1
参考文献,1
股权,1
白酒,1
飞天,1
累赘,1
荒坂,1
有天,1
人断,1
称霸,1
征服,1
左上角,1
攻城,1
标了,1
还吵,1
二百五,1
再续,1
空气,1
扔币子,1
涓流,1
太乱,1
招商局,1
热潮,1
一阵,1
掀起,1
Replika,1
依托,1
1000B,1
算外,1
工作制,1
control,1
终身,1
分给,1
华润,1
活到老,1
中信,1
抹杀,1
下一代,1
学到老,1
马克斯,1
障碍,1
gasi,1
八小时,1
混吃,1
巴赫,1
紫薇,1
友哈,1
适应性,1
DeepResearch,1
应对,1
白话,1
初木,1
碾压,1
太初,1
帝君,1
宋昭美,1
近在咫尺,1
蝼蚁,1
百灵鸟,1
集成电路,1
風險,1
絕人類,1
有滅,1
人類,1
联网,1
一人,1
有什,1
反抗,1
Gpt,1
先是,1
无边,1
利润,1
终有,1
一战,1
居里夫人,1
植入,1
穿戴,1
国补,1
携带,1
高素质,1
转型,1
支撑,1
瓦特,1
难说,1
余力,1
当中,1
良知,1
心学,1
范畴,1
自然而然,1
美好未来,1
高速,1
投降,1
灵性,1
先炸,1
上线,1
仿真,1
奶嘴,1
脚本,1
写过,1
从没,1
白纸,1
更强,1
瞎扯,1
毛线,1
带货卖,1
医学,1
脏活,1
累活,1
军事化,1
无一例外,1
资源分配,1
战场,1
美军,1
拟人,1
发只,1
多样化,1
开机,1
乐意,1
恒大欠,1
好作文,1
部署,1
分布式,1
电量,1
起得,1
这家,1
就断,1
拭目以待,1
黄黄,1
全新,1
一串,1
显着,1
旋转,1
接口技术,1
机能,1
横空出世,1
出局,1
众多,1
120lQ,1
权力,1
线路,1
敬酒,1
既得利益者,1
一日三餐,1
懒到,1
浪费时间,1
笨蛋,1
石魔,1
这帮,1
死神,1
城管,1
勇气,1
干货,1
電力,1
硬體,1
蔑视,1
往后,1
赞歌,1
领导者,1
音障,1
搞不懂,1
2K,1
成型,1
响指,1
如看,1
刘源,1
str,1
哥们儿,1
五点,1
痛经,1
表里,1
信工,1
校友,1
飞扬,1
科院,1
锦州,1
解图,1
我葛溯,1
互换,1
xy,1
我鹏鹏,1
gudt,1
汽车旅馆,1
张超,1
种田,1
抵抗,1
通达,1
原题,1
歇会,1
cake,1
关音,1
界限,1
鼎司,1
烦死,1
钟昕霖,1
北京化工大学,1
迷航,1
透彻,1
fA,1
往下走,1
判定,1
自然界,1
心脏病,1
顶柏朝,1
罗宇轩,1
宇航,1
估价,1
于港,1
迈进,1
深圳,1
跳舞,1
小人,1
树是,1
祝愿,1
菩萨,1
赵玉权,1
治标不治本,1
0.9,1
模拟考,1
课本上,1
带书,1
人懒,1
没亲,1
张少楷,1
合肥工业大学,1
考了,1
九点,1
化石,1
可信度,1
北华,1
天然气,1
烦人,1
文来,1
这科,1
友做,1
感化,1
出钱,1
BCE,1
复试,1
简史,1
机考,1
人生意义,1
万叶,1
恐龙,1
强别学,1
易杰,1
书上,1
异化,1
西南,1
人不养,1
一加,1
家乐,1
我童,1
UBP,1
速通,1
扶弱,1
大西北,1
海底,1
双倍,1
垃圾,1
地儿,1
想都别想,1
十四个,1
自强,1
气泡,1
软工文耀,1
例题,1
算错,1
6.16,1
华中,1
参上,1
监狱,1
张后,1
控卫,1
扩充,1
分校,1
秦皇岛,1
东北大学,1
警力,1
情侣,1
赛高,1
刹车,1
报到,1
预想,1
院来,1
群众,1
极致,1
止咳,1
水费,1
交通费,1
税收,1
deception,1
张洁,1
出发,1
地下,1
王阳明,1
死态,1
配套,1
拿走,1
雨露,1
分分,1
点积,1
低成本,1
您好,1
一致,1
NCC1701,1
苏格拉底,1
思考问题,1
相对性,1
之源,1
剧烈,1
深遠,1
君子,1
炫耀,1
浅见,1
不可避免,1
所知,1
黑塔,1
dark,1
特拉,1
稀缺,1
授权,1
测试工具,1
captain,1
on,1
bridge,1
多活,1
兴趣爱好,1
学业,1
不靠,1
像果,1
devlog,1
基地,1
做图,1
茶饭不思,1
附属品,1
路口,1
下车,1
看边,1
ao,1
十分钟,1
沐阳,1
规约,1
把头,1
postman,1
招财猫,1
少交,1
榨取,1
画手,1
狄杰斯,1
留念,1
尽说,1
2046bilibili,1
东秦,1
国分玲,1
受用,1
操纵,1
智科院,1
暨南大学,1
囚徒,1
猫箱,1
通胀,1
保障金,1
hook,1
魅一笑,1
左键,1
顶个,1
买英,1
BAT,1
拿下,1
我坤哥,1
均衡,1
上用,1
里森,1
所处,1
相通,1
而成,1
me,1
多维度,1
一侧,1
HAD,1
BEEN,1
DONE,1
卷王,1
吐密,1
谷子,1
离得开,1
庸医,1
蛋蛋,1
诸如,1
有球,1
ball,1
双关,1
查找,1
copyright,1
kidding,1
十分,1
施加,1
高些,1
++++++++++++++++++++++++++++++++++++,1
之约,1
yl,1
刘奎,1
3.6,1
置顶,1
manus,1
脸型,1
邓肯,1
电气专业,1
头型,1
gotta,1
俳句,1
两三年,1
小鬼子,1
haiku,1
技艺,1
授课,1
architecture,1
专用,1
You,1
底蕴,1
GPT4,1
算计,1
第七个,1
不好受,1
抛物线,1
名次,1
顺口溜,1
晓得,1
究竟,1
诠释,1
三人,1
拉肚子,1
幸存者,1
半夜,1
奥本海,1
下落,1
骨髓,1
这课,1
吃不上,1
带病,1
minions,1
魔力,1
卖卡,1
program,1
我球,1
归洞,1
abc,1
时期,1
窥探,1
发声,1
道家,1
jjjjjjjjjjjjjjjjj,1
mit,1
讨论会,1
继往开来,1
光大,1
含弘,1
几分,1
变回,1
做后,1
FARGO,1
计算机系,1
双语,1
一件,1
yinyang,1
蛋子,1
两种,1
热巴,1
迪丽,1
有条纹,1
探究,1
工学,1
++++++++,1
六年,1
无尘,1
进一步,1
砖党,1
几位,1
口误,1
夕阳红,1
有安,1
付出代价,1
徐文强,1
不生,1
安理,1
地址,1
易如反掌,1
调小,1
敏感话题,1
质感,1
米国,1
社会制度,1
大富翁,1
欢愉,1
旁边,1
加一,1
稀土,1
4.29,1
没玩过,1
八个,1
嘴硬,1
AMO,1
胜出,1
桂电,1
有无,1
实例,1
夜班,1
正论,1
泛称,1
边界,1
经理,1
阶层,1
危害,1
还行,1
没人要,1
求出,1
这题,1
学啥,1
步数,1
三步,1
方法论,1
cf2,1
zxc,1
蛋挞,1
开度,1
风门,1
普通百姓,1
peter,1
优质,1
麻省理工,1
秋秋宝,1
三十几,1
包装,1
劳作,1
糊口,1
xswl,1
mary,1
paul,1
叛逆,1
course,1
源泉,1
飞粉,1
ch,1
verymu,1
respect,1
funny,1
卢德,1
讲好,1
该是,1
自古,1
思念,1
劳动节,1
课堂,1
第一集,1
拮据,1
中位数,1
步骤,1
无解,1
扯远,1
马太效应,1
eason,1
锦城,1
熟练,1
peaky,1
blinder,1
捧哏,1
终老,1
题亲,1
危在旦夕,1
耗子,1
电气,1
学费,1
MIT,1
课讲,1
尾儿,1
起航,1
理想化,1
虚话,1
经济危机,1
无止境,1
更何况,1
不寒而栗,1
这树,1
这树光,1
有事,1
多好,1
掠夺,1
躲到,1
繁荣,1
根本矛盾,1
可看,1
智能工具,1
跳楼,1
自主性,1
作秀,1
人下,1
電影,1
罗振宇,1
太像,1
同名,1
经济衰退,1
有戏,1
防线,1
三中,1
泰罗,1
荒版,1
强尼炸,1
美脸,1
一万年,1
打牢,1
SEEK,1
DEEP,1
弊大于利,1
走出,1
临期,1
竞争力,1
可好,1
何相干,1
行程,1
缝合,1
比新冠,1
想念,1
代表性,1
侠告,1
一夜之间,1
囚禁,1
解救出来,1
伊莱,1
抓紧,1
局势,1
烂醉,1
真相,1
李家,1
不必,1
OL,1
拖缓,1
我怕,1
死人,1
中心化,1
喝个,1
太晚,1
极少数人,1
最起码,1
分不分,1
9.9,1
快快,1
orz,1
瑞典,1
低级,1
真忍,1
全方位,1
烟雾弹,1
臆想,1
政治经济学,1
博识,1
上票,1
成不了,1
具象化,1
新钱,1
布局,1
不计后果,1
打造,1
脚恩,1
方兴未艾,1
用法,1
霸天虎,1
发誓,1
前置,1
烧香,1
gpt4o,1
畏惧,1
出图,1
赛文,1
不管怎么,1
阿甘,1
达利,1
迷茫,1
无从下手,1
再活,1
o3mini,1
一车,1
轮流,1
在我看来,1
保姆,1
资本主义,1
话密,1
私有制,1
加州,1
救济金,1
掷骰子,1
人连,1
愚弄,1
地区,1
任然,1
赔钱,1
救济,1
进程,1
点儿,1
自找,1
带宽,1
回炉,1
玩死,1
苦楚,1
肉身,1
光棍,1
吃喝拉撒,1
找准,1
年来,1
贝拉,1
职业道德,1
克隆人,1
导入到,1
口罩,1
想一想,1
审时度势,1
光靠,1
无论怎样,1
给爷,1
以人为本,1
绕道,1
丹尼尔,1
理论知识,1
可行,1
窗口,1
进屋,1
大门,1
实操,1
黑猩猩,1
一头,1
互补,1
垂直,1
王道,1
全面禁止,1
深川,1
closeai,1
可靠,1
根本原因,1
票房,1
出个,1
观测,1
毁神星,1
郭给,1
无产者,1
人士,1
狗子,1
共生,1
吃香,1
惰性,1
想得到,1
肖恩,1
安于现状,1
何来,1
车险,1
键盘,1
生育,1
生活必需品,1
大巴,1
锻炼身体,1
绩效,1
基本工资,1
一月,1
晶体,1
湿体,1
流体,1
穿小鞋,1
部当,1
祸害,1
新台阶,1
寡头,1
毒瘤,1
有业,1
失塞,1
防范,1
养活,1
记下来,1
存个,1
反击,1
网络系统,1
玩意儿,1
一家人,1
预制,1
选择权,1
添乱,1
狂飙,1
中原,1
人发,1
考核,1
工作室,1
睡得,1
da,1
no,1
砍掉,1
ko,1
脑子里,1
伍仁桥学,1
女老师,1
数据挖掘,1
小说家,1
这比,1
四列,1
三行,1
千年,1
行列式,1
列表,1
stockapi,1
数据源,1
牵强,1
滋润,1
谢谢您,1
数据分析,1
个头,1
pcy,1
张子,1
固化,1
aI,1
别争,1
行政,1
八点,1
决策人员,1
明早,1
曾熠,1
曾坤来,1
农大,1
地下道,1
河北,1
phj,1
河北农业大学,1
xjw,1
陈国翔,1
哈工威,1
台北,1
基隆,1
路車行,1
刘梦,1
举行,1
后悔,1
书籍,1
温祥,1
难度,1
暂时,1
影片,1
yyds,1
张帅,1
犹豫,1
受到,1
范志,1
李兴华,1
推进,1
赵文鑫,1
吓死,1
剩余,1
老友记,1
失衡,1
庞翔,1
全民所有,1
教育资源,1
pgg,1
天河,1
洛天,1
换脸,1
一刀切,1
注明,1
真绝,1
怎学,1
娇养,1
小花,1
专升本,1
刚考,1
背锅师,1
价钱,1
卖个,1
餐厅,1
好个屁,1
市价,1
白领,1
北欧,1
倒闭,1
对外,1
冷清,1
电影院,1
税价,1
Mmo,1
全花,1
权益,1
跌落,1
神话,1
硕别学,1
三遍,1
没念,1
惊世骇俗,1
做不了,1
产好,1
那味,1
科幻小说,1
皮肤,1
睡衣,1
六边形,1
限制住,1
电脑硬件,1
画出,1
数据模型,1
骤增,1
直译,1
550A,1
奠定,1
十三,1
溢价,1
用力,1
少年,1
莫欺,1
关键在于,1
可持续性,1
前沿科学,1
寂寞,1
孙奇杰,1
失踪,1
摘抄,1
空想,1
没带,1
球长,1
或谷歌,1
套用,1
逻辑设计,1
巨硬,1
一道,1
瞧瞧,1
钻空子,1
rude,1
空难,1
xx,1
名前,1
烂账,1
搞砸,1
有利可图,1
够呛,1
民众,1
结构图,1
哪领,1
能动性,1
创建,1
多大,1
再学,1
老表,1
游戏吧,1
广西,1
速成,1
张俊铭,1
倒计时,1
hqy,1
只会落,1
本班,1
南师计,1
刘子轩,1
体会,1
消费者,1
上游,1
南工,1
周翔,1
郑波,1
牛魔,1
合工大,1
偷工减料,1
这集,1
三家,1
一门,1
终抵,1
此行,1
王锦林,1
变多,1
开考,1
北部湾,1
抢救,1
会考,1
更卷,1
第一节,1
秀峰,1
刘俊峰,1
成理,1
更少,1
张凯洋,1
王舒,1
济南,1
王舒号,1
喝嘿,1
这代人,1
一笔,1
HEBTU,1
有南工,1
技能,1
萝卜,1
混血,1
月学,1
当赏,1
额头,1
强国,1
nhtj,1
参谋,1
状元,1
八省文,1
MOS,1
好活,1
递增,1
yi,1
睡醒,1
脸红,1
方未,1
默认,1
点进,1
忽然,1
早得很,1
整睡,1
我配,1
午睡,1
再二值化,1
防火墙,1
别往,1
招商引资,1
poiuytrZXCAVcgfhmjkl,1
靓仔,1
处女,1
书吧,1
读点,1
做广告,1
草包,1
逐差法,1
法等,1
解不,1
弊端,1
满满,1
必修,1
恒星,1
节点,1
满清,1
想不出,1
自传,1
第八章,1
归纳推理,1
科学实验,1
祝贺,1
略过,1
一眼看穿,1
感知器,1
原力,1
拿刀求,1
张慧林,1
新世纪,1
向守实,1
柯尊,1
肖龙辉,1
口中,1
他家,1
收拾,1
关羽,1
永远都是,1
环材,1
Mark,1
数学老师,1
发表意见,1
从今往后,1
称为,1
ber,1
拉过来,1
特色,1
跆拳道,1
柯晓丽,1
父亲,1
饺子,1
柯森健,1
一毛钱,1
比英,1
根部,1
学历,1
周星驰,1
除夕,1
三地,1
作差,1
世界领先,1
anaconda,1
现阶段,1
画成,1
LA,1
奠基者,1
收费,1
先赞,1
电磁学,1
难得,1
数据处理,1
奠基,1
麦克斯韦,1
几百倍,1
代发,1
与你同在,1
生产队,1
美女,1
招租,1
身边,1
右图,1
软件测试,1
套壳,1
文言,1
顶起,1
没网,1
思聪,1
shangu,1
购物车,1
旺铺,1
fydog,1
传说,1
个品,1
大牛,1
违和感,1
睡不着,1
好多遍,1
取决于,1
领取,1
此地,1
两句,1
无内,1
好前,1
中是,1
用核,1
过关,1
宁理,1
upup,1
招商,1
高调,1
我冲,1
窝草,1
多元回归,1
开讲,1
央视,1
价值观,1
claude3,1
养肥,1
新闻联播,1
盲区,1
用之不竭,1
反证法,1
会毁,1
修正,1
那才,1
发条,1
主做,1
师傅,1
一对,1
美國,1
线性变换,1
蒙特拉,1
OHOHOH,1
ohohohohohoh,1
看电视,1
國內,1
读取,1
可耻,1
困了,1
拜拜,1
俄羅斯,1
主狂,1
题海战术,1
物理学奖,1
海淀,1
诺贝尔物理学奖,1
北物,1
甜心,1
指标,1
5000B,1
gpto1,1
上要,1
FN,1
走开,1
非凸,1
究极,1
Unit,1
萌萌,1
Linear,1
Rectified,1
老哥,1
ReLU,1
开班,1
保佑,1
GPT4.0,1
一切顺利,1
若上,1
州长,1
之爹,1
必来,1
世间,1
无生,1
无物,1
还愿,1
建构,1
饶过,1
生物科技,1
凹凸,1
必然趋势,1
派出所,1
卖艺,1
电一拔,1
就点,1
神经毒素,1
GlaDOS,1
初具,1
配不上,1
躯壳,1
自吹自擂,1
张一博,1
污染环境,1
不懈,1
我加,1
肠道,1
脑细胞,1
配方,1
尾声,1
通常,1
optimus,1
坚韧不拔,1
破冰,1
之旅,1
红后,1
新意,1
真人版,1
closedAI,1
低查,1
布置,1
感拉满,1
源源不断,1
流窜,1
元购,1
暖流,1
涌动,1
低等,1
显摆,1
超标,1
人情,1
人情世故,1
个人风格,1
不度,1
无元人,1
想换个,1
两下,1
再见,1
互喷,1
小艺,1
重率,1
阻挡,1
主讲人,1
来爸,1
惊破天,1
唯唯诺诺,1
队友,1
假面,1
重拳出击,1
清醒,1
苦短,1
大是大非,1
关乎,1
好用,1
Gpt4o,1
大公无私,1
讲解,1
另一半,1
智体,1
威斯,1
斯安,1
安装,1
有机体,1
看一看,1
端上来,1
抢眼,1
感哈,1
丫丫,1
地震,1
坚强,1
板快,1
修玛吉亚,1
可取之处,1
人头骨,1
纪念,1
多发,1
佐菲定,1
意境,1
沉浸,1
奥特,1
先驱,1
插销,1
打瞌睡,1
掌权,1
没能,1
星是,1
愉悦,1
跌倒,1
用品,1
本期,1
掺和,1
分钱,1
海小该,1
浮云,1
灯光,1
二连,1
晕晕,1
沙拉,1
大帝,1
门外汉,1
不中用,1
代肝,1
临床医学,1
天尊,1
充实,1
人声,1
Laile,1
语速,1
问下,1
道路,1
记下,1
吃不透,1
贝利亚,1
不打紧,1
基到,1
华而不实,1
一蹴而就,1
换种,1
scp079,1
aigc,1
女生,1
awa,1
我太多,1
要点,1
英语老师,1
谢鸿发,1
好自为之,1
用大,1
阿普,1
学学,1
证实,1
拜三拜,1
人类学,1
emm,1
丑恶,1
丧尸,1
当牛马,1
种种,1
大不了,1
基础设施,1
塞伯坦,1
缺电,1
率查,1
接纳,1
无需,1
受益匪浅,1
盖茨,1
声太,1
入迷,1
首次,1
抽屉,1
关上,1
填词,1
周易,1
私心,1
盗用,1
本科学历,1
阿森纳,1
签到,1
睁眼,1
学懂,1
高看,1
进度,1
不复存在,1
写得,1
封信,1
版亚托莉,1
放不全,1
内战,1
电流,1
个迷,1
读研,1
硬盘,1
2T,1
插块,1
减轻,1
强项,1
孕育,1
负分,1
疾病,1
我麦,1
男生,1
三代,1
咕噜噜,1
核打击,1
蜘蛛,1
金子,1
莫斯,1
总会,1
反光,1
冒个,1
夭折,1
Altman,1
不纯,1
燃起,1
发起,1
线识,1
这期,1
闭源,1
白毛,1
金毛狮,1
封号,1
达蒙,1
马特,1
拔尖,1
造个,1
编码,1
一拨,1
人心,1
发际,1
腻害,1
焕发,1
三联,1
质疑,1
取个,1
真丝,1
一天天,1
生气,1
图林根,1
沙鲁,1
拜年,1
马克,1
退回,1
准确率,1
消息面,1
下期,1
春眠,1
不觉,1
满路,1
真爱粉,1
牌子,1
假人,1
土木,1
僵硬,1
兽医,1
二十年,1
才刚,1
rnn,1
土木工程,1
电子信息,1
绑架,1
喜大普奔,1
浮一大白,1
图像处理,1
网卡,1
提振,1
明知,1
一款,1
负相关,1
与时俱进,1
这小,1
请来,1
成交量,1
限购,1
正演,1
失望,1
凡人,1
护肤,1
数据压缩,1
丝不丝,1
可识,1
不透,1
眼镜,1
向量场,1
摄取,1
忍不住,1
推断,1
傻傻,1
烦恼,1
逆学,1
问号,1
问卷,1
新手村,1
满级,1
收租,1
隔壁,1
解放军,1
妹子,1
上古,1
x3,1
别杠,1
基石,1
拨号,1
数目,1
一棵,1
主干,1
堡来,1
木有,1
悟道,1
听课,1
百看不厌,1
画质,1
不对劲,1
可恶,1
这节,1
实事,1
山有,1
获奖,1
画像,1
hold,1
燕国,1
but,1
question,1
car,1
most,1
recent,1
pu,1
OCR,1
example,1
was,1
月底,1
February,1
where,1
派别,1
from,1
三大,1
sister,1
小连招,1
her,1
茂盛,1
植发,1
地图,1
拿头算,1
下饭,1
二叉树,1
那算,1
磕到,1
甲沟炎,1
姥姥,1
黑山,1
防不胜防,1
能治,1
真力,1
自我管理,1
副班长,1
真会赏,1
班长,1
买卖,1
张一凡,1
don,1
know,1
基金,1
全对,1
加灰,1
难用,1
插入,1
boyfriend,1
粗略,1
卡顿,1
制定,1
失准,1
DPA,1
统和,1
没英,1
一份,1
姐姐,1
拉菲,1
le,1
玩得,1
五指山,1
生钱,1
姑娘,1
安全隐患,1
一听,1
求下,1
好假,1
平常,1
国人,1
口播,1
难免,1
首富,1
虎山行,1
身体健康,1
兔兔,1
好长,1
女子,1
照进,1
伙食,1
美国有线电视新闻网,1
和平,1
跪拜,1
猛攻,1
蠢才,1
非理性,1
手表,1
万人,1
内全,1
提一嘴,1
oh,1
开山鼻祖,1
看三仙,1
dear,1
十八岁,1
刚满,1
儿童,1
激昂,1
灿坤,1
无法比拟,1
问候,1
异常,1
便利性,1
atan,1
存量,1
肝帝,1
人群,1
物业,1
认可,1
文艺复兴,1
代际,1
房龄,1
参赛,1
老夫,1
看來,1
不识,1
炼金,1
重開,1
大半,1
出錯,1
機器,1
錯頂,1
人出,1
駕駛,1
秘技,1
起立,1
等到,1
捂耳补,1
胖到,1
城会,1
悲哀,1
CV,1
狠魔性,1
随处,1
你会知,1
没换,1
富豪,1
大批量,1
核能,1
计算机科学,1
CHAT,1
用户界面,1
内乘,1
boss,1
黑魂,1
车速,1
太快,1
初来乍到,1
赛道,1
请多关照,1
自動,1
道友,1
价格,1
sleep,1
数学公式,1
两道,1
挺大,1
萌新,1
猝不及防,1
通不过,1
o4,1
老祖,1
PC,1
朗读,1
kernal,1
渡劫,1
神迹,1
只用,1
这片,1
亿年,1
扁平,1
陆军,1
打爆,1
奖牌,1
送上,1
乞讨,1
线性化,1
氰化物,1
同为,1
体重,1
我愿,1
老家伙,1
露馅,1
绝活,1
Zzzq,1
骄傲,1
自欺欺人,1
膨胀,1
分身,1
dalao,1
开车,1
深夜,1
车机,1
素质,1
天外,1
诺伊曼,1
本校,1
冲浪,1
爱好,1
大大的,1
幸苦,1
气体,1
辅垫长,1
保国,1
名状,1
分辨率,1
奉上,1
三百,1
手下,1
A4,1
模糊控制,1
更佳,1
镇店,1
广告费,1
插播,1
之宝,1
塞德尔,1
短平快,1
一飞冲天,1
差太远,1
津子,1
很早,1
红火,1
大典,1
永乐,1
ols,1
生友,1
华人,1
给力,1
高电平,1
低电平,1
加权,1
吹捧,1
加持,1
车门,1
硬广,1
接到,1
焊死,1
reLu,1
传世,1
一亿,1
自觉,1
变粉,1
高产,1
爱死,1
这破,1
必看,1
不止一次,1
整成,1
平方差,1
一万,1
学区,1
恍惚,1
前排观众,1
二周目,1
智谱,1
兰博,1
破防,1
二刷,1
下班,1
安逸,1
神马,1
工智,1
清奇,1
词造,1
先问,1
bbak,1
热乎,1
阿米,1
托福,1
保护视力,1
教资人,1
追上,1
从我做起,1
研究院,1
能进,1
王思聪,1
传送门,1
QAQ,1
无中,1
算力够,1
纳尼,1
好快,1
半导体,1
OK,1
实惠,1
真挚,1
朴实,1
坐坐,1
全相仪,1
热度,1
成交,1
mark,1
出入,1
有所,1
大写,1
死忠,1
主萌萌,1
加密,1
Google,1
flag,1
稚晖,1
蔡依林,1
有太多,1
武汉,1
根源,1
自动机,1
斷電無數次,1
ottoman,1
设施,1
cyborg,1
免疫力,1
师兄,1
我耿相,1
吓唬人,1
招来,1
大肆宣传,1
之三,1
暗面,1
自导自演,1
大众,1
没敢,1
说点,1
小数,1
控制权,1
小姐,1
说谎,1
托斯,1
40k,1
组里,1
计划经济,1
错字,1
发挥作用,1
制造业,1
一无所有,1
巍然矗立,1
前往,1
卡桑德拉,1
百科全书,1
大桥,1
同归于尽,1
觉察到,1
一小部分,1
以往,1
总体,1
二次,1
驱动力,1
搞好,1
天是,1
lain,1
天大,1
Divinity,1
更穷,1
犹格,1
所白,1
隐瞒,1
梦境,1
公民权,1
授予,1
使然,1
异次元,1
军用,1
老年痴呆,1
恩准,1
预兆,1
技术革新,1
六根,1
卡梅隆,1
账户,1
妥妥,1
配上,1
手指,1
想养,1
察觉,1
增多,1
可和电,1
数量级,1
迈步,1
士气,1
说拔,1
小脑,1
百万元,1
无线,1
私人,1
误会,1
emp,1
体制,1
抵挡,1
找外,1
编写程序,1
元梦之星,1
减轻负担,1
办案,1
万事万物,1
善待,1
慈悲,1
发动战争,1
就让,1
天因,1
早起,1
庆幸,1
阶级分化,1
涨价,1
宝石,1
刻意,1
便秘,1
尼爾要,1
仲裁,1
思想觉悟,1
远比,1
续航,1
愿不愿意,1
夺取,1
投身,1
别莎,1
外太空,1
众生,1
天来,1
受到限制,1
偷听,1
着手,1
热爱,1
不停,1
天敌,1
前行,1
阿扎尔,1
省流,1
长城,1
绝境,1
击败,1
不标,1
寿命长,1
可再充,1
女士,1
UFO,1
一任,1
成分,1
风声,1
足以,1
必然选择,1
无错,1
fhfddff,1
能长生,1
下一阶段,1
码头,1
比神,1
整点,1
老三样,1
觉悟,1
薯条,1
铁心,1
机仆,1
网红,1
鲁伯特,1
能造,1
唯一性,1
买不起,1
要会,1
云端,1
按月算,1
何必,1
终局,1
供得,1
之战快,1
出租,1
越多,1
享乐,1
白花花,1
内存,1
亚里士多德,1
真到,1
与你何干,1
银子,1
落网,1
IA,1
没戏,1
累死,1
热闹,1
爆富,1
去秋,1
早餐,1
信息化,1
史前时代,1
费劲,1
城市化,1
减负,1
草台班子,1
编制,1
绝育,1
peach,1
激素,1
供应,1
体量,1
重构,1
实行,1
殊不知,1
文稿,1
无可厚非,1
谋生,1
app,1
封建主义,1
保住,1
耍手段,1
有待,1
眼界,1
蒙蔽,1
Open,1
前瞻性,1
独有,1
瘋起,1
算数,1
shift,1
转机,1
内耗,1
目的地,1
必将,1
适者生存,1
好玩,1
杞人忧天,1
轨道,1
呼吁,1
恒大够,1
信不信,1
回话,1
就作,1
马大帅,1
召唤,1
skr,1
统治者,1
1W,1
化身为,1
多刀,1
..,1
菲尔,1
兹奖,1
获得者,1
潘朵拉,1
为奴,1
因特尔,1
IBM,1
很近,1
一系列,1
适得其反,1
传达,1
干重,1
部门,1
纸片,1
医保,1
辅助,1
辅助性,1
好好学习,1
要有光,1
天天向上,1
先知,1
万亿美元,1
一座,1
陶哲轩,1
自说自话,1
一间,1
Close,1
地质,1
招到,1
新人,1
彩礼,1
条路,1
拔牙,1
音容,1
背地里,1
原罪,1
伯格,1
扎克,1
犹在,1
执着,1
延长,1
洞察一切,1
干涉,1
劳动强度,1
挤压,1
dian,1
ji,1
好了吗,1
居多,1
极好,1
成本低,1
劳动收入,1
克斯,1
那個,1
别搞,1
群体,1
一粒,1
布尔什维克,1
诱导,1
命中注定,1
狄更斯,1
忧国忧民,1
退休年龄,1
亿都,1
前些天,1
使用者,1
谈统,1
起步,1
均摊,1
换代,1
极大丰富,1
发行,1
为社,1
三次,1
崛起,1
影像,1
既想,1
眼高手低,1
股会,1
祖籍,1
忧郁,1
健身,1
重量,1
聚变,1
帮忙,1
奥运会,1
靠得住,1
检索,1
歧视,1
度不纯,1
佐菲,1
驱动程序,1
信用,1
加载,1
历时,1
我活,1
物资,1
谁给我,1
懂点,1
住房,1
queen,1
要卷,1
最难,1
机箱电源,1
来管,1
波兰,1
包能,1
醒来,1
几千,1
几百,1
保熟,1
替代性,1
前夕,1
修玛吉亚要,1
赋能性,1
问不出,1
孔子,1
克利福德,1
未知领域,1
我超,1
挡不住,1
那有,1
小马,1
大会,1
变动,1
每月,1
red,1
制止,1
集体,1
刀客,1
工业化,1
萨菲,1
想割,1
人工合成,1
仨月,1
地摊,1
出租车,1
共享,1
多种,1
单车,1
生产方式,1
姆斯基,1
基本常识,1
史密斯,1
地步,1
怪谈,1
电磁脉冲,1
必定,1
马基雅,1
维克托,1
低端,1
5g,1
乔布斯,1
unity,1
活路,1
举报箱,1
格瓦拉,1
摄像头,1
定论,1
答复,1
野狼,1
操控,1
爆火,1
告知,1
投射,1
jojo,1
Disco,1
电动车,1
搞定,1
造戴森球,1
sovits,1
变声,1
拔线,1
广块,1
握持,1
白扯,1
度过,1
666up,1
侧目,1
活力,1
耐人寻味,1
一千年,1
瞎掰,1
GBT,1
打成,1
气氛,1
热情,1
西门子,1
iQ300,1
想太多,1
厂用,1
退化,1
西斯,1
拉比,1
不拉,1
性能比,1
放过,1
忠诚,1
杏仁,1
音效,1
协调,1
故事情节,1
平静,1
评论,1
想处,1
RLBZ,1
美妙,1
被触,1
太累,1
所要,1
三观,1
裤衩,1
使劲,1
真实感,1
适配,1
于英,1
一支,1
芥末,1
臀控,1
既要,1
牌坊,1
高地,1
占领,1
告密者,1
纠纷,1
阿伯,1
舞棍,1
亲眼看到,1
包里别,1
一周,1
Alt,1
推出,1
切换,1
流畅,1
破绽,1
杀死,1
虚空,1
黑脸,1
可太好,1
战都,1
终极目标,1
特曼,1
泣不成声,1
翻成,1
冲击,1
ALTMAN,1
盛世,1
不意,1
AL,1
阿诺,1
常熟,1
醒醒,1
早该,1
公敌,1
留下,1
珍惜,1
行且,1
玩电脑,1
要来力,1
超赞,1
八级,1
演出者,1
而造,1
共情,1
信服,1
姓名,1
配有,1
感激,1
专心,1
重新认识,1
开口,1
感染力,1
0.0,1
轻松,1
寄生虫,1
愉快,1
偏偏,1
才华,1
一二三,1
投入使用,1
说法,1
电梯,1
总有,1
路程,1
可笑,1
生搬硬套,1
发现自己,1
深深感动,1
鱿鱼,1
缥缈,1
同感,1
捂脸,1
档案,1
专访,1
模棱两可,1
舞台,1
制定者,1
参与者,1
精美,1
网友,1
说了算,1
磕磕巴巴,1
太冲,1
批评,1
漫漫,1
人站,1
工场,1
补偿,1
贤者,1
加零,1
义务教育,1
狂妄,1
组织,1
nvidia,1
双休,1
周末,1
时臣,1
八晚,1
多难,1
控制不了,1
节操,1
已碎,1
捧腹大笑,1
整上,1
非盈利,1
带回,1
童年,1
人生路,1
黄章,1
刻下,1
快速,1
积极,1
炎热,1
好几遍,1
爆料,1
达成,1
总有一天,1
脚印,1
delayed,1
爽文,1
括号,1
进取,1
毫不动摇,1
先入为主,1
足迹,1
开园,1
转场,1
不禁,1
每周,1
硬刚,1
爷们,1
中有,1
天真,1
报复,1
谢幕,1
无助,1
蓄意,1
孤单,1
商业行为,1
性是,1
一盘,1
气质,1
电子设备,1
太出,1
努力实现,1
金主,1
兜敢,1
移植,1
万花筒,1
苦痛,1
演绎出,1
卡点,1
虫族,1
所一,1
保养,1
没钱,1
生锈,1
素体,1
延续,1
买个,1
康米,1
踩住,1
右脚,1
大创,1
恶魔,1
介入,1
暴政,1
只点,1
没刷,1
变坏,1
原子弹,1
自投罗网,1
末日,1
没早,1
hjq,1
神是,1
起诉,1
上心,1
看网,1
出戏,1
会留,1
三千,1
照顾,1
充卖,1
装傻,1
没准,1
董事会,1
nt,1
有理,1
舆论,1
Red,1
亚克,1
作证,1
纯小白,1
从零开始,1
讲道理,1
蚂蚁,1
指点,1
爱丽丝,1
交通事故,1
交通工具,1
石制,1
犯着,1
有罪,1
你币,1
沉下心,1
很靓,1
低音炮,1
我穷,1
衬衣,1
对立,1
何等,1
汇报,1
激发,1
一分,1
吟唱,1
致力于,1
日子,1
不懒,1
Cod13,1
技术含量,1
哥来,1
人买,1
平时,1
九分,1
这人长,1
做过,1
毫无例外,1
一次次,1
抽空,1
小猫,1
弄个,1
安卓,1
大致,1
学着,1
蚩尤,1
黄帝,1
安稳,1
Good,1
Lock,1
过个,1
咸蛋,1
超脑,1
可来,1
潜力,1
军火商,1
一龙,1
生出,1
战略,1
白嫖完,1
VS,1
已三连求,1
纯真,1
咋样,1
3.19,1
过得,1
有群,1
吊谓,1
无所,1
科学研究,1
大幅度降低,1
社营,1
Queen,1
繁化,1
厨房,1
刮目相看,1
非常感谢,1
驾驭,1
极具,1
吸引,1
眼球,1
本是,1
好牌,1
稀碎,1
XXX,1
高超,1
突兀,1
真敢,1
空降,1
市场需求,1
俨然,1
已成,1
感好,1
空心化,1
婚姻,1
少子,1
驱使,1
有着,1
天花板,1
想象力,1
洋溢着,1
博人燃,1
开发者,1
好奇心,1
街机,1
巴别,1
文明史,1
商业化,1
说得好,1
未能,1
肥胖率,1
太精彩,1
调控,1
用不着,1
动手,1
closed,1
量身定做,1
哪到,1
一档,1
老美,1
完爆,1
之内,1
最前沿,1
高回报,1
Yooooo,1
高风险,1
小涵,1
供电,1
先能,1
要涨,1
顺风,1
尿湿,1
说真的,1
吹哨,1
阻碍,1
ATRI,1
闪存,1
门面,1
几台,1
担当,1
简洁,1
非本质,1
一环,1
先由,1
Singularity,1
简入,1
基点,1
巧手,1
之癌,1
归来,1
小曲,1
今朝,1
忘词,1
ammdsga,1
word,1
握握,1
播种,1
别开生面,1
欢乐,1
赛博辛怒,1
展现,1
预警,1
调度,1
周鸿祎,1
谁能给,1
年份,1
想当年,1
迎风,1
闭嘴,1
三丈,1
不得了,1
电一断,1
高技术,1
爷爷,1
受限,1
3p,1
色声,1
san,1
现考,1
现学,1
营二,1
科大,1
垂杨柳,1
倒拔,1
林黛玉,1
符号逻辑,1
分析法,1
义素,1
香味,1
反算,1
navy,1
集太大,1
supervised,1
靠拢,1
大道,1
symbol,1
drawback,1
fatal,1
command,1
tool,1
feedback,1
unit,1
items,1
熟读,1
唐诗三百,1
写诗,1
会吟,1
Macarthy,1
检验,1
黑马,1
搜到,1
顶礼膜拜,1
单变,1
多变,1
特征提取,1
跟风,1
心里,1
印在,1
英文单词,1
比较复杂,1
丰富多彩,1
emerge,1
佐料,1
PDF,1
面试,1
此乃鸡,1
吃不完,1
hard,1
notoriously,1
三分法,1
洞里,1
半山腰,1
visional,1
无时,1
上算力,1
衍射,1
突击,1
期中,1
孵化,1
估算,1
猜测,1
语义上,1
WIFI,1
说完,1
图形学,1
应当,1
周围,1
必然联系,1
射线,1
心理健康,1
XRD,1
项目经理,1
眉毛,1
越远,1
太干,1
代到,1
从线,1
搭配,1
重男轻女,1
易出,1
不多见,1
多加,1
社达,1
普本,1
zibg,1
模态,1
近期,1
elites,1
reveal,1
groundwork,1
lay,1
浓度,1
dense,1
penalty,1
sanction,1
profound,1
普遍化,1
cure,1
module,1
statistical,1
edging,1
cut,1
navigation,1
vector,1
pixel,1
dependency,1
range,1
long,1
15s,1
mechanism,1
unempolyment,1
Mccarthy,1
误打,1
全满绩,1
省略,1
xyzwlyc,1
deepseekR1,1
积累,1
有理数,1
如出一辙,1
tuning,1
真想,1
我测,1
TAINL,1
laq,1
安慰,1
没太,1
算不了,1
屋子,1
奇奇怪怪,1
村里,1
点头,1
ollama,1
太绿,1
开花,1
乱改,1
改编,1
重演,1
低维,1
优点,1
追溯,1
牛年,1
theworld,1
丹妮莉丝,1
善解人意,1
越界,1
圆球,1
通解,1
牵扯,1
正统,1
方森,1
欺软怕硬,1
自以为是,1
争论,1
数求,1
水龙头,1
pid,1
牛蛙,1
深入浅出,1
二值化,1
iou,1
交手,1
造就,1
众神,1
抽离,1
多次,1
推理模型,1
越小,1
酸甜,1
几率,1
多项,1
运筹学,1
提供数据,1
隶属,1
打击,1
升维,1
好点,1
涉嫌,1
这书,1
开小差,1
专门,1
因子,1
写鸡,1
breadog,1
萤火虫,1
网格,1
他太难,1
分支,1
定语,1
后置,1
张杰,1
武汉大学,1
西瓜皮,1
掉入,1
外形,1
Dijkstra,1
乱联,1
五言律诗,1
这货,1
世界观,1
转变成,1
用前,1
辐射,1
埋起来,1
救鱼,1
出世,1
融资,1
觉厉,1
烫死,1
太过,1
那人,1
杜兰特,1
害得,1
基极,1
书名号,1
医院,1
可导,1
句子,1
语气,1
干不了,1
太顺,1
洞悉,1
精品,1
多一些,1
电磁场,1
工科,1
惊觉,1
牌佬,1
大码,1
该类,1
dots,1
年初,1
坐下,1
许昊龙,1
斯蒂,1
特招,1
莫邪,1
通召,1
生长,1
树上,1
腐烂,1
定量化,1
不太可能,1
高深莫测,1
放个,1
调频,1
聚合,1
散开,1
酱油,1
加入适量,1
触类旁通,1
填空,1
完型,1
聊天工具,1
适应能力,1
苹果梨,1
没吃过,1
基准值,1
阿汤哥,1
Minority,1
Report,1
中文名,1
乱来,1
诸君,1
自始至终,1
原有,1
乱打,1
呼吸,1
這個,1
列祖列宗,1
这女,1
尖尖,1
头顶,1
纯属,1
打鸣,1
鸡会,1
天没亮,1
70%,1
湿度,1
漏洞,1
打比方,1
三岁,1
指向,1
古话,1
肤浅,1
序列,1
掘金,1
点后,1
hd2,1
洋葱,1
损失惨重,1
模块,1
外壳,1
凌乱,1
大自然,1
抛瓦,1
千万,1
写出,1
文生,1
高尔顿,1
乱下,1
太妹,1
神力,1
压错,1
实物,1
做生意,1
学术研究,1
货物,1
称重,1
视错觉,1
可太,1
零到,1
分界线,1
0.5,1
设为,1
缩小,1
憋不住,1
衍生物,1
借鉴,1
han,1
小声,1
动用,1
学呀,1
ig,1
写点,1
这图,1
迪哥家,1
咒语,1
狗带,1
预言家,1
第二层,1
诱惑,1
我操,1
缩水,1
8%,1
额外,1
二话不说,1
蒸馏,1
有墙,1
渗透,1
坤素,1
现想,1
下节,1
mapping,1
睡前,1
与非门,1
突发奇想,1
另辟蹊径,1
自来水,1
十万美元,1
鸡蛋,1
乳牙,1
布套,1
试卷,1
鞋带,1
贴合,1
Gemini,1
声明,1
拘泥于,1
破亿卷,1
GTP,1
鼻息,1
中专,1
海上,1
相对来说,1
微调,1
空白,1
几十亿年,1
云集,1
众星,1
群贤毕至,1
友好,1
启发式,1
它长,1
根号,1
嘴里,1
茶叶蛋,1
先去,1
补个,1
blender,1
宋氏,1
轴丘,1
调参调,1
只见,1
少太多,1
史诗,1
鼻子,1
黑色,1
但求,1
中考,1
当务之急,1
一巴掌,1
具体方法,1
LOSS,1
抽象思维,1
先要,1
快要,1
形式化,1
眼中,1
内层,1
外层,1
手动,1
纯靠,1
一度,1
MG,1
误判,1
更爽,1
品味,1
坦白,1
好美,1
学高数,1
颁给,1
全忘,1
md,1
书补,1
普林斯顿,1
rz,1
尽可能,1
数据安全,1
尼克,1
贾里,1
湿润,1
抓住,1
学说,1
抽像,1
学出,1
三清,1
洪荒,1
梭哈,1
心寒,1
伏羲氏,1
就明,1
微分学,1
下联,1
软和,1
切面,1
凸函数,1
波粒二象性,1
当作,1
身份验证,1
双方,1
棋类,1
先手,1
标准答案,1
血清素,1
多巴胺,1
GPS,1
FAKE,1
时机,1
疫情,1
空仓,1
ETF,1
二分,1
大数,1
初露端倪,1
面具,1
LDX,1
听众,1
半拿铁,1
吉吉,1
用作,1
NO.1,1
三拳,1
来算,1
遗传算法,1
石矶,1
一会,1
倒流,1
传递函数,1
OPENCV,1
吟诗,1
胶囊,1
矿脉,1
功能完善,1
专注,1
舍弃,1
两遍,1
爆大宙宇,1
过温,1
微观,1
必要条件,1
宏观,1
能分,1
工作台,1
明确,1
默会,1
齐次,1
女神,1
蚂蚱,1
秋后,1
简体中文,1
所得,1
所想,1
统计分析,1
排名,1
供选择,1
xs,1
好哈,1
每层,1
工作量,1
vagina,1
dries,1
introduction,1
带上,1
开庭,1
say,1
Man,1
Uzi,1
衰落,1
急剧,1
译成,1
能意,1
违反,1
菠萝,1
凤梨,1
瞧不起,1
格式,1
太燃,1
而行,1
陌生,1
倾向性,1
频率,1
墨迹,1
办成,1
娘娘,1
解码器,1
不强,1
患者,1
抑郁症,1
安装包,1
阴暗,1
负面,1
阳光,1
正面,1
探寻,1
zzzzzz,1
墙头草,1
图灵奖,1
鸡脚,1
场合,1
露出,1
3B1B,1
呈现出,1
忽视,1
一双,1
ucd,1
肩膀,1
巨人,1
便于,1
下令,1
长相,1
过时,1
idoit,1
纠缠,1
纯爱,1
更能,1
大事,1
众所周知,1
大魔星,1
机械唯物主义,1
卖瓜,1
黄婆,1
串联,1
并联,1
矮油,1
木头,1
物理现象,1
我管,1
方神,1
教学方式,1
f3,1
k0,1
粉色,1
词元,1
可视化,1
变小,1
打杂,1
第五遍,1
破门而入,1
难懂,1
晦涩,1
一类,1
softmax,1
SpaceX,1
inject,1
三角,1
诡辩,1
看做,1
那太,1
无名之辈,1
我学过,1
出不来,1
gpt5,1
变现,1
grollia,1
歧途,1
带入,1
转行,1
猎鹰,1
立即,1
SORA,1
之争,1
代理,1
助理,1
看好,1
安抚,1
重看,1
彩色,1
计较,1
反推,1
花粉,1
示德太,1
绿框,1
流型,1
点来,1
前景,1
坐标轴,1
SA,1
编译,1
费电,1
讲到,1
难题,1
一列,1
排队,1
SD,1
Unsampler,1
头皮发麻,1
不爱,1
你别,1
恍如隔世,1
一黑,1
两眼,1
没骗,1
动图,1
gif,1
雷同,1
不言而喻,1
重要性,1
研一,1
javascript,1
水分子,1
ADA6000,1
手写输入,1
云开见天,1
woc,1
k2,1
维空间,1
背经,1
生动有趣,1
太强,1
重启,1
游动,1
从后,1
走向,1
校验,1
这特,1
折射,1
最合适,1
没买,1
变少,1
有话要说,1
黑格尔,1
常用,1
指数函数,1
两币,1
嗅觉,1
听觉,1
thanks,1
控制算法,1
闪光弹,1
天明,1
NVIDIA,1
乘子,1
前途,1
duffusion,1
Amadeus,1
变准,1
降噪,1
rule,1
chain,1
kknd,1
五彩斑斓,1
接龙,1
本质区别,1
其供,1
杜绝,1
终归,1
晶体管,1
椅子,1
大排档,1
不美观,1
止步,1
混淆,1
断开,1
连续函数,1
应用科学,1
改进,1
高精尖,1
拍马屁,1
云深,1
山中,1
警觉,1
改为,1
神器,1
不良,1
拯救,1
黑即,1
定性分析,1
减去,1
这像,1
MD,1
动力学,1
prolog,1
cline,1
单层,1
自在,1
范数,1
欧式,1
示波器,1
几百亿,1
念诗,1
倒放,1
小鱼,1
再往,1
马飞,1
把握,1
水太深,1
Apriori,1
化繁为简,1
键值,1
某串值,1
可塑性,1
整数,1
纯力,1
修改,1
走下坡路,1
周树人,1
鲁迅,1
山楂,1
抬杠,1
好难,1
表语,1
宾语,1
总怒,1
沙丘,1
初级,1
英腔,1
形式逻辑,1
假言判断,1
对立统一,1
passchopass,1
刘慈欣,1
刨除,1
shuxuejianm,1
归一化,1
内外,1
配对,1
太脏,1
凹陷,1
底部,1
许多条,1
功课,1
笔误,1
反映,1
打分,1
ab,1
ID,1
各层,1
那后,1
强得,1
丰富,1
今晚,1
四年级,1
海拔,1
第一层,1
头好,1
原话,1
无动于衷,1
我家,1
精细,1
五香,1
恰似,1
乱编,1
超验,1
全知,1
神经科学,1
三十岁,1
真不知道,1
注重,1
有点儿,1
增加率,1
detail,1
第二行,1
第一行,1
不读,1
斜线,1
对称,1
偶数,1
黑人,1
犯罪,1
色盲,1
散光,1
说人话,1
犯蠢,1
尽信,1
一等,1
结构设计,1
春困,1
鲁智深,1
撰写,1
紫水晶,1
多路径,1
一笔带过,1
师父,1
那个游戏,1
实数,1
之物,1
傻子,1
午餐,1
动脑子,1
交错,1
完毕,1
手机号码,1
大丈夫,1
男子汉,1
安杰罗,1
调温,1
AKA,1
一秒,1
ADMM,1
沉思,1
专业训练,1
LeNET,1
受过,1
难看,1
莫拉维,1
顺直,1
何凯明,1
常规,1
听个,1
funk,1
回归方程,1
抽头,1
类别,1
多一点,1
人际关系,1
1.25,1
bp,1
构件,1
现代汉语,1
研二,1
值减,1
值加,1
第二个,1
报刊,1
操守,1
纽约时报,1
求和,1
三层,1
DEBUG,1
调试,1
理科生,1
循环往复,1
带到,1
我用,1
一计,1
词和字,1
SQL,1
放进去,1
高纬,1
狗变,1
噪点,1
很多很多,1
不准,1
二层,1
说会套,1
蓝色,1
喝问,1
钙奶,1
AD,1
我娃,1
傻瓜,1
阅读,1
优度,1
人头,1
星期,1
可多,1
编入,1
得人用,1
拿元,1
功能性,1
批驳,1
CPU,1
一地,1
心田,1
风吹,1
春天,1
多练,1
降幂,1
数学模型,1
抄底,1
替换,1
CRUD,1
说好,1
好几秒,1
分成,1
要学,1
马一龙,1
惊现,1
阅读写作,1
断代,1
涵盖面,1
较大,1
残缺,1
刚需,1
艺术类,1
爱情故事,1
判别函数,1
编不动,1
将会,1
低点,1
立体图,1
休息时间,1
中午,1
拨云见日,1
目的性,1
会成,1
人来,1
偏见,1
增减,1
处罚,1
三门,1
日复一日,1
connecting,1
第一百个,1
受伤,1
合理性,1
数学模拟,1
为主,1
优先级,1
中断,1
入机,1
欠缺,1
伦理道德,1
词义,1
习气,1
最大化,1
流血,1
神来,1
一具,1
一缓,1
伤口,1
划开,1
疼痛,1
内心,1
借词,1
佛法,1
可微,1
低效,1
齐点,1
飙升,1
互动,1
察觉到,1
头脑,1
拼算力,1
能为,1
普普通通,1
出神,1
麦卡锡,1
Tensor,1
卷子,1
说辞,1
发电厂,1
al,1
分数,1
多模,1
混不混,1
从业者,1
曝发,1
绕弯,1
饿电,1
关键点,1
人想,1
列非,1
举个,1
nc,1
intelligence,1
apple,1
全称,1
机了,1
设身处地,1
精致,1
Kimi,1
不造,1
yes,1
打撒,1
VR,1
规划局,1
四维空间,1
而能,1
堆砌,1
几步,1
辛泽豪,1
神经细胞,1
体内,1
绝不,1
本书,1
越细越,1
最佳人选,1
越细,1
越分,1
笔记,1
里德尔,1
汤姆,1
产物,1
低下,1
出电,1
火是,1
凯峰,1
欧阳,1
羰基,1
ASDFGHJKL,1
无用,1
通宵,1
终端,1
不確,1
二次元,1
语音指令,1
电流强度,1
吞噬,1
分裂,1
回事,1
近代,1
outman,1
意志,1
算不上,1
统筹,1
数到,1
预知,1
之处,1
天气,1
法雷姆,1
言语,1
外部,1
专业性,1
数字图像处理,1
wok,1
辩证法,1
科幻片,1
处理器,1
象棋,1
打游戏,1
枚举,1
抬头,1
局促,1
认得,1
王赛,1
陈宫,1
星奴,1
王义,1
胡睿楠,1
安徽,1
deepmind,1
付星耀,1
程振宇,1
程彤,1
李敏婷,1
何去何从,1
李旻霆,1
别跑,1
凯文,1
观后感,1
思密达,1
八嘎,1
人够,1
发射,1
别玩,1
差远了,1
cyberpunk,1
熟人,1
色域,1
预估,1
高约,1
何衡,1
邓旭阳,1
被抛弃了,1
拥抱,1
松泽桃,1
厦门大学,1
老鼠,1
机器猫,1
口口相传,1
打招呼,1
zc,1
新科,1
点多,1
YYB,1
铁路,1
学工,1
市民,1
我儿,1
滚出去,1
黑手,1
见识,1
大王,1
火影,1
马衡,1
一游,1
jky,1
军儿,1
郑永金,1
孪生,1
先有,1
别处,1
难以想象,1
区块,1
HintknIlya,1
啥样,1
训成,1
高中政治,1
亲手,1
出圈,1
说实话,1
enum,1
响起,1
神秒,1
造人,1
大体,1
应有,1
干扰,1
破表,1
单值,1
放错,1
通路,1
奖惩,1
无痛,1
喜怒哀乐,1
顶端,1
盲测,1
o3,1
八十二,1
十层,1
大头,1
广编,1
广州大学,1
正题,1
李绍斌,1
列车,1
特快,1
沃茨,1
霍格,1
别无选择,1
引力,1
生死,1
排山倒海,1
全开,1
火力,1
脱离,1
利索,1
赶超,1
觉察,1
artificial,1
水准,1
最新,1
开过,1
变样,1
归因,1
中兴,1
要造,1
train,1
那段,1
黑袍,1
蔡明,1
真像,1
私货,1
夹带,1
屠宰场,1
重温,1
每年,1
最惨,1
拉着,1
长残,1
可惜,1
上床,1
不忍,1
默默,1
腰带,1
型号,1
光年,1
巴斯,1
里头,1
这样儿,1
还长,1
瓦西里,1
狙击手,1
克隆,1
眼泪,1
纠察队,1
布彻,1
打死,1
伏笔,1
黑夜,1
明说,1
匹诺,1
信赖,1
人族,1
女版,1
配件,1
郭导,1
靠近,1
教皇,1
刘彻,1
董仲舒,1
太难受,1
提过,1
感应,1
vcd,1
枪板,1
博士,1
蜥蜴,1
双面,1
渣康,1
牛郎,1
忍受,1
那缕,1
发达,1
人之心,1
运转,1
没卵,1
越像,1
亨利,1
变人里,1
看得,1
契约,1
西方人,1
普世性,1
基督教,1
存活,1
玩物,1
当个,1
遗弃,1
一幕,1
异变,1
收不回,1
自作自受,1
想着,1
坍塌,1
手柄,1
检测仪,1
身份证,1
真逆天,1
皮条客,1
亲儿子,1
先活,1
一缕,1
再剪,1
冷漠,1
稍纵即逝,1
温情,1
否认,1
赫特,1
威廉,1
四遍,1
头号,1
大衛,1
最難過,1
超胖,1
他現,1
生路,1
珍藏,1
小熊,1
抛弃,1
高阶,1
真得,1
慈悲心,1
幸福,1
美人鱼,1
忧伤,1
淡淡,1
演技,1
生涯,1
有起,1
有底,1
打动,1
宿命,1
霓虹灯,1
下过,1
地面,1
海利,1
当爹,1
女人真,1
眨眼睛,1
传神,1
老弋,1
就帅,1
男公关,1
解读,1
瑞拉,1
辛德,1
新衣,1
乔奥斯蒙,1
灵气,1
老大,1
比不上,1
老油子,1
拉斯维加斯,1
巅峰,1
男主,1
哭死了,1
太超前,1
杀器,1
细看,1
超时空,1
经典电影,1
泰迪带,1
这段话,1
许个,1
完整版,1
讲义,1
科技厅,1
四川省,1
分院,1
想出,1
堆积,1
strawberry,1
融会贯通,1
套路,1
透过,1
前夜,1
大杂烩,1
自然规律,1
deepseek2025,1
边际效应,1
外圈,1
几层,1
护体,1
干什么,1
本体论,1
生从,1
替身,1
看不出来,1
发他,1
走势,1
众史,1
巨口,1
深渊,1
布里克,1
温馨,1
明星,1
稀里哗啦,1
锁门,1
养个,1
器具,1
想下,1
渴求,1
母爱,1
指对,1
动人,1
纯洁性,1
小男孩,1
这正,1
善良,1
核反应堆,1
自然力,1
仁至义尽,1
莫妮卡,1
几段,1
剪成,1
好多天,1
能件,1
郭敬明,1
效率高,1
生物能,1
童话故事,1
反水,1
之神库,1
围殴,1
重利,1
坑爹,1
广为流传,1
发指,1
第六感,1
网吧,1
男孩,1
独一无二,1
月亮,1
张脸,1
方力申,1
音容宛在,1
双塔,1
世贸,1
绝地,1
捕捉,1
笨拙,1
肥宅,1
搜他,1
德行,1
两千多年,1
第八代,1
复制,1
结尾处,1
步入,1
大胆,1
开拓精神,1
小品,1
五官,1
法才,1
语感,1
人来学,1
左上,1
真币,1
这张,1
押韵,1
揭示,1
日记,1
五倍,1
这倒,1
合一,1
阀门,1
心理素质,1
淋浴,1
歧义,1
再加,1
计算机领域,1
确保,1
ho,1
初步,1
原始数据,1
脑组织,1
一块儿,1
视网膜,1
别管,1
这学,1
多太多,1
作词,1
作曲,1
胡萝卜,1
学分,1
通识,1
三度,1
梅开,1
星火燎原,1
取暖,1
后路,1
自绝,1
红眼,1
一统江湖,1
电工,1
中南大学,1
一时半会,1
脸盲,1
往后面,1
Microsoft,1
辦法,1
解決,1
強制,1
推特,1
對現,1
繪師們,1
音色,1
歌唱家,1
国宝,1
喝醉,1
乱报,1
光顾,1
十位数,1
足球,1
张哥,1
极为,1
朱元璋,1
芒果,1
答题卡,1
dog,1
里装,1
箱子,1
内存条,1
来分,1
考场,1
学家,1
最多,1
来来来,1
显示器,1
和业外,1
业内,1
概率分布,1
收徒,1
至上,1
Function,1
煤电,1
风电,1
低估,1
一比斗,1
前言,1
講了,1
分鐘,1
限于,1
爱心,1
上画,1
棋盘,1
柯在,1
device,1
Navy,1
笑点,1
RAP,1
无色,1
狂暴,1
定位,1
导师,1
教条,1
雕像,1
米开朗基罗,1
出站,1
山东,1
倒装,1
CK,1
日常生活,1
上天,1
铅笔,1
低头,1
我們終,1
棒式,1
我调,1
集贸,1
叫力,1
尽量避免,1
科技馆,1
广州,1
超常发挥,1
塞尔达,1
深层,1
GTLPT4,1
复现,1
delta,1
近似于,1
极小,1
说来,1
倒回去,1
對麻瓜,1
强到,1
放进来,1
势和道,1
放克神,1
找回,1
应得,1
追随,1
行善积德,1
特茅斯,1
齐聚德,1
撬起,1
杠杆,1
层层,1
递进,1
只缘身在此山中,1
反面,1
李宏毅,1
低阶,1
采用,1
显著,1
随阶数,1
龙格,1
过高会,1
奠基人,1
一代代,1
太沉重,1
传承,1
前辈,1
感叹,1
不由得,1
第三阶段,1
dialectic,1
弥补,1
添美,1
所说,1
缅怀,1
数电之魂,1
回应,1
洪舜跃,1
超大,1
静态,1
可太牛,1
磊哥,1
文学家,1
倾向,1
平均水平,1
桂鱼,1
松鼠,1
土法,1
小猿口,1
看清,1
这合,1
全集,1
沉默是金,1
原型,1
现出,1
只管,1
精神状态,1
反思,1
乃至于,1
有损于,1
赛诺,1
不能自己,1
意识形态,1
困扰,1
出身,1
心理学,1
定量,1
cue,1
生来,1
等同于,1
插座,1
弹目,1
人脸,1
先养会,1
顺序,1
欣赏,1
鼓掌,1
坚守,1
受得了,1
一绝,1
丸子,1
鸣人,1
搬家,1
少腿,1
胳膊,1
军火,1
妙手偶得,1
天成,1
到头,1
这条,1
砖飞,1
elige,1
mc,1
广义,1
寄存器,1
JK,1
有利,1
野外,1
练练,1
洼地,1
最像,1
人到,1
标志,1
诺依曼,1
书架,1
老爸,1
依曼,1
冯诺,1
小度,1
龙哥,1
法学,1
盛光予,1
Samuel,1
拳王,1
乱七八糟,1
上播,1
daozi,1
zy,1
动车,1
swung,1
K600,1
明德,1
陈洁,1
滑雪,1
符峥,1
备课,1
开学,1
gta,1
王跟海,1
郑永鸡,1
黄创雄,1
黄创,1
黄涛,1
夏自朋,1
脑力劳动,1
繁重,1
间接,1
连英,1
联盟,1
英雄,1
杨哲诚,1
高级中学,1
锡山,1
江苏省,1
先贤,1
luoli,1
杨致,1
附属,1
大户,1
过好,1
认识论,1
唯物史观,1
辩证唯物主义,1
张靖涵,1
四二,1
七一,1
永津,1
myk,1
民大,1
实名制,1
一出,1
铁子,1
网媒,1
切入点,1
鬣彦,1
硕彦,1
狠人哈,1
辽宁省,1
打架,1
九漏,1
反反复复,1
歼击机,1
监委,1
纪委,1
扎哈,1
古代,1
可小白,1
世故,1
重大,1
高科技产品,1
火箭筒,1
AK47,1
核桃,1
长远,1
深奥,1
金属,1
Chat,1
故障,1
王健,1
程子,1
jo,1
砍头,1
钻进去,1
恨不得,1
老弟,1
nmmm,1
毛哥,1
鲍志宇,1
龙战士,1
七年,1
文静,1
王炎瑞别,1
串台,1
比得,1
书比得,1
沈腾,1
我爱你,1
吴建鸿,1
周权煌,1
打破纪录,1
野猪,1
rsgfgdrd,1
意料之外,1
第一遍,1
嵇亦菲,1
科学课,1
看爽,1
猛干,1
春秋,1
塘沽,1
消亡,1
校长,1
不仅仅,1
不卷,1
看家本领,1
半机械化,1
力什,1
格拉,1
没用过,1
没听说过,1
真下,1
许子,1
每集,1
原文,1
机械化,1
放进,1
磕头,1
中去,1
实贱,1
轿夫,1
赛博有,1
不烦,1
宝问,1
电报,1
一零,1
地名,1
时间轴,1
CCTV,1
不凡,1
全仓,1
逼斗,1
听风,1
小提示,1
咸肉,1
机油,1
赏点,1
马温,1
叫句弼,1
第二把,1
不说,1
紧随,1
电视,1
前两天,1
我洁宝,1
挺快,1
字体,1
蔡磊,1
火车,1
so,1
刘德华,1
贵州,1
泥书板刻,1
结绳记事,1
片头,1
推动器,1
该用,1
急需,1
hu,1
师范大学,1
哈尔滨,1
命轮,1
吴彦祖,1
彭于,1
西电田少,1
真特,1
川轻化,1
武汉理工,1
While,1
Loud,1
Lord,1
Law,1
高峰,1
远方,1
好少,1
俞斌,1
浙江,1
近乎,1
半殖民地,1
一局,1
诈败,1
国际,1
中国大学,1
专业术语,1
播音,1
qiang,1
密度,1
kai,1
古代人,1
直奔,1
不再,1
ENIAC,1
赵琳玉,1
期末考,1
发展史,1
老牛,1
讯息,1
媒介,1
后缀,1
er,1
贏了,1
白來,1
比比,1
六集,1
而强,1
天呐,1
Tampoco,1
Ventana,1
machine,1
Washingmachines,1
大有可为,1
jugs,1
Measuring,1
小可爱,1
妖刀,1
首歌,1
能融,1
水变油,1
钱包,1
挖孔,1
症状,1
初期,1
日耳蛮,1
亦可,1
信以为真,1
副总裁,1
世界银行,1
女婿,1
比尔盖茨,1
员留,1
好久没,1
很行,1
装作,1
UI,1
点下,1
金水,1
物理学家,1
打不住,1
一千斤,1
可要,1
四两重,1
事不上,1
飞行,1
A1x,1
A3,1
信用卡,1
双创,1
三颗,1
强身健体,1
两颗,1
提神醒脑,1
宇树,1
头疼,1
接电话,1
美国银行,1
纯造,1
强行,1
总比元,1
平账,1
白天,1
安永是,1
六代,1
吃亏,1
飞蚁,1
趋光性,1
荧光,1
蚁穴,1
空巢,1
系统化,1
回单,1
古法,1
跌宕起伏,1
载人,1
太行,1
打算,1
批人,1
股民,1
愿景,1
托拉斯,1
前程,1
政客,1
windows,1
入驻,1
自打,1
殖民地,1
窃国者侯,1
窃钩者诛,1
打扮,1
总以为,1
应用领域,1
即时,1
那批,1
参加,1
猜猜,1
Content,1
Generated,1
An,1
首相,1
一等奖,1
吐槽,1
早有,1
摄影棚,1
金白银,1
盖子,1
波音,1
f47,1
改改,1
写个,1
斯克,1
装饰,1
门把手,1
看能,1
查下税,1
取款机,1
权能,1
发动,1
赛飞儿,1
不取,1
法利亚,1
马云,1
發力,1
指正,1
Kizuna,1
束缚,1
这得,1
终身难忘,1
办公室,1
能智,1
视感,1
信任,1
安然,1
真可怜,1
费尔南多,1
PDD,1
制裁,1
士绅,1
百姓,1
查到,1
hhhh,1
赢风,1
哈哈笑,1
交税,1
大受,1
服务业,1
大力发展,1
大臣,1
牵连,1
泰坦,1
流程,1
拉丝,1
他噶特,1
抗普,1
工業,1
吹泡泡,1
搜来,1
便宜,1
人工费,1
运维,1
人工成本,1
老百姓,1
分到,1
好孩子,1
夸夸,1
情节,1
达索,1
成因,1
倒果,1
阿里马,1
马化腾,1
腾讯,1
比价,1
原生,1
满血,1
栓动,1
印有,1
农场,1
贵得,1
指挥官,1
灰鸭,1
弗兰奇,1
海贼王,1
APP,1
韩红,1
二创,1
知识产权,1
++++++++++++++++,1
伏地,1
遭受,1
吸引力,1
倒置,1
返还,1
全款,1
lizard,1
弟子,1
投给,1
来不及,1
Holmes,1
伊丽莎白,1
湿件,1
磁悬浮,1
一点半,1
刚回来,1
win11,1
百分之三十,1
两头,1
黑客,1
大巫,1
反诈,1
加强,1
诈骗犯,1
天宜,1
万合,1
创坛,1
奇绩,1
超前,1
一翘,1
眉头,1
120%,1
旭东,1
老仙座,1
半仙,1
真货,1
冻结,1
20%,1
别尬,1
提及,1
金手指,1
til,1
美白,1
增强,1
防脱,1
祛湿,1
打过,1
曲率,1
零耶,1
官方语言,1
几种,1
二十,1
讲题,1
露脸,1
提成,1
答题,1
上边,1
哈吉,1
nono,1
中亦有,1
一兆,1
代师,1
文峰,1
定体,1
智障,1
kaiming,1
清澈,1
文言文,1
太是,1
千百成,1
直指,1
争高,1
轩邈,1
竞上,1
负势,1
生寒树,1
柯嘛,1
nya,1
完蛋,1
讲点,1
季节,1
交配,1
关皆黑,1
迫近,1
二项分布,1
图好帅,1
七上,1
浙江人,1
榨菜,1
几天,1
先三连,1
灵敏度,1
非负,1
相互影响,1
成反比,1
Provoking,1
sola,1
迁移,1
方可,1
链有,1
唤醒,1
尘封,1
槲寄生,1
中下,1
戈门,1
布什,1
草莓,1
成峰,1
岭侧,1
量表,1
最坑,1
上册,1
七年级,1
仅此而已,1
略微,1
SVM,1
值小就行,1
立方,1
isolation,1
clouds,1
black,1
伤感,1
蒙石锤,1
我禁思,1
别以为,1
车厘子,1
浮游生物,1
竖起,1
词性,1
数据类型,1
布尔,1
方块,1
起伏,1
巴甫洛夫,1
用行,1
这乱,1
高深,1
名为,1
光电,1
转圈圈,1
鉴别,1
亿到,1
fxxk,1
严防死守,1
群英荟萃,1
移步,1
具身,1
好算,1
往里装,1
minst,1
组合成,1
樱桃,1
军事,1
术语,1
GAN,1
早结,1
想不起来,1
所以然,1
说不出,1
俩币,1
时长值,1
比我强,1
吃灰去,1
yqz,1
刻画,1
dismatch,1
全身,1
好好看,1
高炳文,1
出说,1
牛肉,1
椒盐,1
bless,1
放到,1
上证指数,1
学疯,1
成员,1
普罗斯,1
9.8,1
阵子,1
日语,1
老爹,1
清晰化,1
预购,1
梁文道,1
此时此刻,1
事不过三,1
充值,1
点卡,1
老孙,1
郁金香,1
这下成,1
调查,1
充分,1
激烈,1
计入,1
分离,1
说不出来,1
返老还童,1
起死回生,1
拖欠工资,1
猎魔,1
许愿瓶,1
比肩,1
恢复过来,1
罗尔,1
蚌埠,1
老一套,1
现状,1
若干年,1
腐败,1
溃烂,1
师承,1
yogi,1
小约翰,1
加西亚,1
隆金,1
血液,1
守护者,1
瑞斯,1
卖芙兰,1
祭司,1
不坑,1
编筐,1
九个,1
十个,1
班加罗尔,1
古德衣,1
高新科技,1
军方,1
转外,1
内销,1
太逆天,1
欺诈,1
风气,1
经济体,1
第四,1
宣布,1
阿三都,1
点明,1
四川人,1
出大,1
def,1
数亿,1
这块,1
地恋,1
古明,1
正确性,1
进化论,1
那帮人,1
MC,1
缺点,1
天时,1
高二,1
曝炸,1
发觉,1
选出,1
创似,1
高二生,1
谢特,1
仿造,1
鸟类,1
古诗,1
真够,1
缩写,1
cares,1
Nobody,1
二十个,1
theory,1
化学奖,1
五十,1
章节,1
七中,1
上千年,1
看人,1
看字,1
错误率,1
重现,1
飞飞,1
很水,1
十几岁,1
年底,1
一点一点,1
家里人,1
出国,1
摄影师,1
主任,1
实验室,1
结结巴巴,1
烫烫,1
MS,1
无心,1
填充,1
china,1
关闭,1
菜单,1
上方,1
注释,1
软件产品,1
通风,1
血测,1
YISHAOLIAOZHI,1
闹钟,1
india,1
magic,1
心知肚明,1
連合,1
3nmSOC,1
真自研,1
这相性,1
海外,1
MM,1
小姐姐,1
一滴,1
登陆,1
原型车,1
补番,1
蜀王,1
ENJIANIA,1
CAR,1
吹出来,1
漫天,1
估值,1
5000w,1
惩戒,1
吹得,1
花呢,1
记错,1
黑账,1
电诈,1
复述,1
顶多,1
话语权,1
反噬,1
衰败,1
务外,1
牢美,1
同错,1
日月,1
网文,1
那明明,1
营收,1
德鲁伊,1
真别,1
讲话,1
神选,1
奸奇,1
重在,1
撒网,1
Wichita,1
脑白金,1
减肥药,1
世界潮流,1
引领,1
不缺,1
搬运,1
只骗,1
抄袭,1
有句,1
家族,1
莫迪整,1
军费,1
龙芯,1
梵化,1
杜佳尔会,1
神权,1
一架,1
种族,1
美以,1
报导,1
雷米,1
改姓,1
种姓,1
atm,1
回不来,1
卖复烂,1
入手,1
盆满,1
挣得,1
划水,1
收不到,1
拉面,1
金融学,1
里应外合,1
山头,1
花钱买,1
天使,1
智工,1
筑基,1
登录,1
人均,1
ARM,1
巴知乎,1
博格,1
鼻孔,1
4w,1
试飞,1
对三哥,1
30000%,1
MUD,1
这人,1
赖到,1
九十年代,1
信信,1
实制,1
财报,1
至尊,1
能骗,1
登上,1
MVP,1
单是,1
单发,1
纯接,1
三国,1
施法,1
停业,1
智驾,1
banker,1
史莱姆,1
排列,1
MODELS,1
BUILD,1
WE,1
11.5,1
漫游,1
不太懂,1
王们,1
主动性,1
没点,1
考试题,1
姐妹,1
春晚,1
雷圣,1
归类,1
施加影响,1
子女,1
不爱学,1
中年妇女,1
名校,1
针对,1
掌管,1
理所当然,1
名师,1
error,1
try,1
C2,1
能少点,1
爹味,1
both,1
专有名词,1
依靠,1
组词,1
Mary,1
Paul,1
Peter,1
philosophy,1
话里有话,1
老路,1
他妈,1
拜伦,1
exposed,1
constraints,1
enabled,1
Algorithms,1
看不下去,1
搏杀,1
道具,1
物理课,1
陀螺,1
不转,1
转变,1
模型表示,1
偶然性,1
考驾照,1
请发,1
个个,1
自嘲,1
相由,1
王健林,1
身家,1
交差,1
绝续,1
揭破,1
以来,1
着眼,1
七成,1
高管,1
三成,1
合法性,1
Fake,1
段子,1
杰出青年,1
西虹市,1
新西兰,1
憨豆,1
还少,1
缺德事,1
鼓吹,1
好大喜功,1
剧院,1
之死,1
三弄,1
投机倒把,1
海柱,1
心生,1
相安无事,1
面目可憎,1
小佛,1
飞哥,1
绳花,1
C42,1
理论物理学,1
短路,1
图跑,1
有向图,1
跳过,1
谜题,1
农民,1
法国梧桐,1
sat,1
境性,1
第二点,1
关键词,1
穿过,1
赤道,1
问得,1
之始,1
无名,1
帛书,1
侥幸心理,1
FMVP,1
外貌,1
土耳其,1
战绩,1
文和,1
盗贼,1
32.03,1
百万英镑,1
算账,1
柱子,1
狮鹫,1
正宗,1
阿三会,1
毕马威,1
不谈,1
抛开,1
别胡说,1
吟游,1
术士,1
风口,1
劣币逐,1
矿业,1
新钢,1
大仙,1
道爷,1
修真,1
报表,1
破产,1
法力,1
加成,1
仙师,1
那莫迪,1
抛光,1
盖板,1
存取款,1
高合,1
1%,1
死灵,1
案件,1
叶赫列,1
-+-+-+-+---------------------------------------------------------+,1
+.,1
to,1
圈到,1
这到,1
旧闻,1
抽卡,1
哥布林,1
难崩,1
寒碜,1
专钱,1
0.75,1
新报,1
旧事,1
黄包车,1
次世代,1
胆小,1
胆大,1
拼搏,1
耳熟,1
不亏,1
各行各业,1
敢不敢,1
神药,1
黄赌毒,1
昨天,1
测试阶段,1
ea,1
萨提亚,1
玛莎,1
还魂丹,1
卖九转,1
战斗机,1
阵风,1
致能,1
不盐,1
盐都,1
越做越,1
Windows,1
哥哥,1
谚语,1
敢信,1
狂欢,1
maga,1
澎湃,1
财经,1
frame,1
找罪,1
伪装,1
叫做,1
坑蒙拐骗,1
消逝,1
老龄化,1
平和,1
近身,1
派个,1
大祭司,1
掌声,1
符合国情,1
KKK,1
变黄,1
水鱼,1
投嘛,1
kickstart,1
邓超演,1
打饭,1
起火,1
芯骗,1
米家,1
雨田军,1
强尼银嘴,1
花生,1
乐子,1
煤老板,1
浴场,1
罗马,1
阿部宽,1
势能,1
起家,1
药酒,1
迟到,1
奥沙利,1
智库,1
上当,1
好心,1
外贸,1
赚大钱,1
投到,1
养套,1
集团,1
严选,1
孙哥,1
万万,1
金融界,1
林中,1
房车,1
脏鼠,1
贝克汉姆,1
拉贾斯坦邦,1
近战,1
烧水,1
青年,1
躲个,1
去年,1
斗法,1
美印,1
天选,1
余大嘴,1
变油,1
HITA,1
美丽,1
时尚,1
逆转,1
入伙,1
贷款,1
寒武纪,1
一员,1
再添,1
素材库,1
大点,1
可汗,1
孙快,1
为荣,1
行骗,1
NEW,1
无条件,1
higo,1
上拉来,1
Vodafone,1
入局,1
TECHNOLOGY,1
黄维,1
功德林,1
跪下,1
马前卒,1
劳动力,1
出门在外,1
各类,1
这比水,1
贾总,1
查不到,1
数钱,1
机里,1
黑魔法,1
礼貌,1
逼急,1
卸任,1
bin,1
古老,1
人敢,1
受害者,1
占卜师,1
骗贷,1
购买,1
恒大,1
ctbz,1
狠狠,1
坐必,1
更名,1
行必,1
显化,1
名曰,1
陶瓷,1
散户,1
爆过,1
年度,1
专骗,1
大妈,1
雇人,1
页面,1
交易平台,1
下架,1
已近,1
甘道夫,1
陈本,1
合情合理,1
茶姬,1
霸王,1
人列,1
神棍,1
信阿三,1
核心技术,1
indians,1
榨汁机,1
稀奇,1
aigx,1
迷惑,1
赵海柱,1
太对,1
爵士,1
戴斯蒙,1
功夫,1
车里,1
玩法,1
小乘,1
Aone,1
先来,1
前柯洁,1
应援,1
混为一谈,1
复变,1
祭祀,1
拟人化,1
它行,1
倒装句,1
深井,1
中邪,1
吊打,1
前谷歌,1
希尔伯特,1
扭矩,1
挖掘机,1
人生态度,1
再用,1
3dgs,1
二维码,1
網路,1
免洗,1
資料,1
當訓練,1
想像,1
features,1
下方,1
上去,1
哪去,1
滚动,1
partial,1
问哈,1
Chomsky,1
morpheme,1
then,1
有话,1
请春哥,1
Only,1
杀伤,1
歧路,1
gram,1
iphone,1
放歌,1
鸣潮,1
触发器,1
第三遍,1
派上用场,1
数一,1
晚安,1
卡巴,1
smell,1
bad,1
通透,1
学不懂,1
决策函数,1
下课,1
Idiot,1
知识性,1
史论,1
变暖,1
顶尖,1
诗词,1
掩耳盗铃,1
女泪,1
男默,1
他头,1
级数,1
胜率,1
各有,1
互博,1
对决,1
AlphaGo,1
Trie,1
当仁不让,1
儿响,1
表格,1
神教,1
紫色,1
线下,1
中间层,1
泛函取,1
活用,1
追涨杀跌,1
眉飞色舞,1
聊天记录,1
一本正经,1
延时,1
中南,1
自动识别,1
天量,1
试用,1
连结,1
只算,1
exgcd,1
粗粒度,1
蓝图,1
UE,1
范例,1
个例,1
梅紫英,1
几点,1
看得见,1
针眼,1
拉普拉斯,1
对比,1
样例,1
多钟,1
查集,1
加得,1
不去,1
观感,1
别刷,1
学完,1
仅仅,1
跨越,1
跨度,1
PT,1
网民,1
lamba,1
同态,1
契合,1
看个,1
神经系统,1
方克神,1
functionsdescribetheworld,1
冰和冷,1
火和热,1
千手观音,1
H100,1
文哲,1
沾边,1
朱朱别,1
mai,1
火鸡,1
乱套,1
输入输出,1
那套,1
Bears,1
Go,1
奥恩开,1
舌头,1
伸出,1
干架,1
老想,1
emergence,1
下要,1
等高线,1
盆地,1
来得,1
临近,1
懵懵,1
选举人,1
类型,1
腿脚,1
RLHF,1
SFT,1
一团,1
下一波,1
时变,1
担子,1
context,1
配图,1
懒得,1
行策,1
两千,1
见得多了,1
维娜,1
投放,1
并列第一,1
均方,1
大脑神经,1
模因,1
狗工,1
教过,1
概率法,1
正电子,1
阿西莫夫,1
生怕,1
太细,1
咋整,1
硫年,1
往里面,1
闻着,1
定义域,1
附近,1
BUG,1
立体,1
沙砾,1
石子,1
沙滩,1
海洋,1
彩虹,1
云彩,1
微风,1
天空,1
树木,1
花朵,1
吐舌,1
图解,1
单说,1
挖坑,1
发烫,1
刷题,1
脸上,1
承受,1
透明,1
几句话,1
退火,1
下该,1
多头,1
一维,1
经管,1
政法,1
文史,1
苹果酸,1
模糊性,1
不见得,1
理性主义,1
克隆技术,1
zzzq,1
接化发,1
插卡,1
再也,1
静音,1
撤回,1
紧急,1
推翻,1
前端,1
算命,1
Bule,1
everything,1
减是,1
率控制,1
禅意,1
咀嚼,1
太笨,1
那大,1
就判,1
這件,1
请大,1
爱学,1
后边,1
虎头蛇尾,1
先于,1
歪打正着,1
滿街,1
HOMO,1
回顾,1
懲罰,1
給出,1
科學家,1
數字,1
加深,1
看錯,1
飞氏结,1
證實,1
理論,1
開盒,1
多餘,1
有問,1
龟龟,1
時候,1
臨床,1
醫院,1
班長,1
学霸,1
能学得,1
感慨,1
主太,1
装上,1
高潮,1
丧失理智,1
再求,1
冰山一角,1
微妙,1
难搞,1
崩溃,1
一篇,1
共襄盛举,1
鼓点,1
NativeLang,1
读懂,1
断掉,1
揭晓,1
侦探,1
推理小说,1
工贸,1
处在,1
来画,1
笛卡尔,1
故我在,1
我思,1
法庭,1
太想,1
我們,1
passion,1
完全正确,1
渲染,1
我话,1
我天,1
miao,1
堪堪,1
脑海中,1
盲人,1
1v1,1
胡言乱语,1
啥事,1
卡诺图,1
管中窥豹,1
出坤坤,1
动点,1
两年,1
假币,1
量子力学,1
香浓,1
计网,1
机械唯物,1
大悦,1
尽力,1
logistic,1
过往,1
下有,1
加在一起,1
阴阳师,1
零散,1
连接起来,1
ET,1
入侵者,1
海绵,1
纺纱机,1
必火,1
hx,1
bx,1
标的,1
题材,1
红楼梦,1
前摇,1
鬼泣,1
DLSS,1
大小不一,1
商检,1
挺长,1
variable,1
dummy,1
别装,1
击昏,1
耐心,1
杨康庆,1
一班,1
智科,1
顺便,1
半个,1
相机,1
全部都是,1
没面子,1
盛宴,1
基本规律,1
这代,1
验算,1
编织,1
四则运算,1
聚类分析,1
how,1
试过,1
默言,1
缄口,1
神们,1
记者,1
语法学,1
香菱,1
句式,1
10W,1
出于,1
人眼,1
皇文,1
cycle,1
hype,1
堪忧,1
李世石,1
保险箱,1
萌芽,1
搜索算法,1
半去,1
调用,1
带进去,1
抵制,1
问题所在,1
黄磊,1
白化,1
就史,1
当场,1
皮毛,1
下界,1
熔炉,1
多半,1
更是,1
高斯分布,1
增是,1
余项,1
得练,1
憋死,1
费时间,1
中途,1
还大得,1
发展前景,1
熬白,1
分而治之,1
演绎推理,1
交替,1
admm,1
原函数,1
吞金,1
捉虫,1
迟早会,1
上卷,1
比人贵,1
我焯,1
马字,1
改名,1
人教,1
了不起,1
很妙,1
崇拜,1
嵌入,1
混乱,1
I0000000000000000000000000,1
太炫酷,1
归宗,1
万剑,1
记多,1
Claude,1
huh,1
光伏,1
全包,1
测试代码,1
巴不得,1
后期,1
正负数,1
初三,1
克里,1
组合概率,1
仅限,1
搁浅,1
整天,1
无效,1
晃荡,1
半瓶,1
懂哥,1
无所不能,1
删掉,1
流言,1
粉碎,1
不祥,1
conditioning,1
operative,1
操作性,1
香槟,1
半场,1
加面,1
水多,1
加水,1
面多,1
物理化学,1
斩获,1
超参,1
状补,1
宾定,1
主谓,1
太会,1
字面,1
there,1
an,1
another,1
开个,1
性价比,1
蛮大,1
竞发,1
勃勃生机,1
储量,1
bing,1
食不食,1
集群,1
计算资源,1
175B,1
C4,1
玩笑,1
负极,1
挤牙膏,1
正极,1
货品,1
相应,1
果蔬,1
结账,1
自助,1
占卜,1
感四感,1
多方位,1
人用,1
饭碗,1
四处,1
stream,1
更难,1
FUNCTION,1
受众,1
茧房,1
灌输,1
放个生,1
显微镜,1
越少,1
两边,1
越往,1
显而易见,1
内负,1
外正,1
静息,1
大纲,1
没列,1
突变,1
x1,1
偶次,1
高次,1
还学,1
上手,1
行为主义,1
增智,1
简单化,1
五分之一,1
它善,1
讲难,1
学说话,1
搜狗,1
暴露,1
捏合,1
困苦,1
受过伤,1
怪异,1
上研,1
后半段,1
果子,1
专业人士,1
感恩,1
感谢您,1
自行添加,1
steam,1
对人,1
浪费资源,1
克里斯,1
有机物,1
第三章,1
发个,1
扮演,1
握诗,1
反转,1
牛津,1
热统,1
看跌,1
看涨,1
副作用,1
反核,1
主了,1
西装革履,1
最次,1
考量,1
恶搞,1
规避,1
挺难,1
极点,1
那俩,1
堆参,1
涨落,1
快困,1
approaching,1
storm,1
水课,1
loss,1
里常,1
一长,1
三短,1
法克,1
一種,1
謂語,1
树形图,1
二者,1
機是,1
老虎,1
run,1
MSE,1
跳下去,1
指涉,1
我原,1
高到,1
皮尔逊,1
data,1
忘记,1
转眼,1
南无,1
reclaimer,1
am,1
接词,1
ohhhhhh,1
danm,1
我太难,1
在历史上,1
二次方,1
卡尔,1
年轻人,1
参侠,1
调侃,1
邻接矩阵,1
图论,1
会用,1
塞到,1
算式,1
舒口气,1
跳不出,1
卡壳,1
低位,1
落到,1
scientists,1
粘度,1
天气预报,1
shortcut,1
一步步,1
一口咬定,1
恰当,1
佐证,1
乐死,1
写不出,1
维数,1
尽量,1
代来,1
用线,1
演变,1
古今,1
超脱,1
某种程度,1
优美,1
不怎么样,1
上大,1
逻辑运算,1
Vergil,1
hey,1
标点符号,1
兜圈子,1
很烂,1
收敛性,1
算有,1
模式识别,1
太过分,1
飞速发展,1
线代来,1
经验论,1
中世纪,1
半点,1
语录,1
特拉斯,1
维尔斯,1
分型,1
脱口秀,1
老钱,1
masked,1
细枝末节,1
NB,1
导航,1
随机化,1
辩证统一,1
理性认识,1
感性认识,1
二二生,1
射频,1
machinelearning,1
不学,1
thinks,1
罗列,1
真狠,1
生态系统,1
拼在一起,1
强度,1
时长,1
劳克林,1
达特茅斯,1
惊天地,1
github,1
power,1
过半,1
神级,1
慷慨激昂,1
養石頭,1
回血,1
主回,1
糊得,1
命题,1
第一课,1
内未,1
公理,1
发货,1
Hello,1
反函数,1
头头是道,1
柯西,1
易物,1
以物,1
面向对象编程,1
于导频,1
纳闷,1
乱带,1
脉冲,1
理发师,1
线形,1
大洋彼岸,1
梅开二度,1
执医考,1
网络图,1
落日,1
朝阳,1
点拨,1
幼儿园,1
一并,1
挂科,1
悄悄的,1
好会,1
层数,1
哈军,1
弥漫,1
大雾,1
似然,1
整理,1
ytryrtyrdfiug,1
NICE,1
虚拟机,1
对扣,1
同理,1
-----,1
基本功,1
相互之间,1
赞高,1
必做,1
手写,1
KAN,1
深厚,1
功力,1
神金,1
入坑,1
豁然开朗,1
良夜,1
温和,1
增量,1
电导,1
观察法,1
扰动,1
31AG,1
三周,1
蝴蝶效应,1
昵称,1
基尔霍夫,1
数据库系统,1
无应答,1
树突,1
辨经,1
大儒,1
自有,1
乱联后,1
一通,1
怎么着,1
拟造,1
法是,1
如果说,1
阵亡,1
有考,1
消息,1
我类,1
Class,1
等价,1
数学知识,1
选择性,1
心思,1
citation,1
16k,1
考公,1
不太多,1
信息量,1
满脑子,1
破案,1
黄靖凯,1
首经贸,1
宝子,1
掉队,1
臭名昭著,1
普遍,1
虚构,1
双厨,1
Bert,1
个人信息,1
形而上,1
Finetune,1
爸妈,1
均匀,1
配置,1
变强,1
很神,1
转译,1
编译器,1
演进,1
平滑,1
眯起,1
上传,1
遍历,1
炫酷,1
吞音,1
无线电波,1
低等生物,1
不确定性,1
万亿个,1
主体性,1
胜利,1
无可辩驳,1
一行,1
好累,1
无损压缩,1
图像压缩,1
词汇,1
偏重,1
交代,1
如此而已,1
园艺师,1
那得,1
锁定,1
包裹,1
强有力,1
李刚,1
我爸,1
直角,1
相连,1
覆盖,1
解密,1
无穷尽,1
子子孙孙,1
莫怕,1
几下,1
没错儿,1
地擦,1
不由自主,1
强迫症,1
懂吗,1
时光倒流,1
发车,1
停下,1
上文且,1
上文来,1
舍友,1
狂暴地,1
embedding,1
停滞,1
手青,1
玩弄,1
受限于,1
暗物质,1
传导,1
组合体,1
苍穹,1
斗破,1
策略,1
很强,1
当今,1
推油,1
He,1
Kaiming,1
流通,1
印钞机,1
电嘛,1
套子,1
加新,1
简化版,1
下延,1
很多年,1
可无是,1
菲特,1
管够,1
搬运工,1
第一名,1
张量,1
分解,1
我来助,1
合订本,1
语文课,1
得出结论,1
同等,1
评估,1
不利于,1
没白,1
三分之一,1
行為,1
連結,1
符號,1
stupid,1
simple,1
keep,1
KISS,1
用性,1
取泛,1
用算力換,1
svm,1
银弹,1
plate,1
drew,1
chicken,1
门口,1
黑子,1
英语水平,1
制钉,1
整体式,1
自动控制,1
yolo,1
控制器,1
依次,1
Siri,1
太极,1
老铜,1
條件,1
始給,1
一開,1
無誤,1
正確,1
數時間,1
在絕,1
給的代碼,1
平均值,1
滑动,1
见风,1
跑得快,1
用算力,1
spce,1
configuraton,1
语意,1
方克,1
SkyNet,1
赞多,1
大旗,1
微处理器,1
四级,1
